,Candidate,State,Primary..,Neutral.Endorsements,Yes.Endorsements,No.Endorsements,Office.Type_Governor,Office.Type_Representative,Office.Type_Senator,Primary.Status_Advanced,Race_Nonwhite,Race_Unknown,Race_White,Veteran._No,Veteran._Unknown,Veteran._Yes,LGBTQ._No,LGBTQ._Unknown,LGBTQ._Yes,Elected.Official._Yes,Self.Funder._Yes,STEM._No,STEM._Unknown,STEM._Yes,Obama.Alum._Yes,Party.Support._Neutral,Party.Support._No,Party.Support._Yes
0,Anthony White (Alabama),AL,3.4200001,11,0,1,1,0,0,0,1,0,0,0,0,1,1,0,0,0,0,1,0,0,0,1,0,0
1,Christopher Countryman,AL,1.74,11,0,1,1,0,0,0,0,0,1,1,0,0,0,0,1,0,0,1,0,0,0,1,0,0
2,"Doug ""New Blue"" Smith",AL,3.27,11,0,1,1,0,0,0,0,0,1,0,0,1,1,0,0,0,0,1,0,0,0,1,0,0
3,James C. Fields,AL,8.0,11,0,1,1,0,0,0,1,0,0,0,0,1,1,0,0,1,0,1,0,0,0,1,0,0
4,Sue Bell Cobb,AL,28.98,11,0,1,1,0,0,0,0,0,1,1,0,0,1,0,0,1,0,1,0,0,0,1,0,0
5,Walt Maddox,AL,54.599998,11,1,0,1,0,0,1,0,0,1,1,0,0,1,0,0,1,0,1,0,0,0,1,0,0
6,Lizzetta Hill McConnell,AL,19.23,12,0,0,0,1,0,0,1,0,0,1,0,0,1,0,0,0,0,0,0,1,0,1,0,0
7,Robert Kennedy Jr.,AL,80.769997,12,0,0,0,1,0,1,1,0,0,0,0,1,1,0,0,0,0,1,0,0,0,1,0,0
8,Audri Scott Williams,AL,39.560001,12,0,0,0,1,0,0,1,0,0,0,0,1,1,0,0,0,0,1,0,0,0,1,0,0
9,Tabitha Isner,AL,60.439999,12,0,0,0,1,0,1,0,0,1,1,0,0,1,0,0,0,0,1,0,0,0,1,0,0
10,Adia McClellan Winfrey,AL,34.240002000000004,11,1,0,0,1,0,0,1,0,0,1,0,0,1,0,0,0,0,0,0,1,0,1,0,0
11,Mallory Hagan,AL,65.739998,11,1,0,0,1,0,1,0,0,1,1,0,0,1,0,0,0,0,1,0,0,0,1,0,0
12,Lee Auman,AL,54.130001,11,1,0,0,1,0,1,0,0,1,1,0,0,1,0,0,0,0,1,0,0,0,1,0,0
13,Rick Neighbors,AL,45.869999,11,0,1,0,1,0,0,0,0,1,0,0,1,1,0,0,0,0,1,0,0,0,1,0,0
14,Peter Joffrion,AL,100.0,11,1,0,0,1,0,1,0,0,1,1,0,0,1,0,0,0,0,1,0,0,0,1,0,0
15,Danner Kline,AL,100.0,11,1,0,0,1,0,1,0,0,1,1,0,0,1,0,0,0,0,1,0,0,0,1,0,0
16,Jared Henderson,AR,63.299999,12,0,0,1,0,0,1,0,0,1,1,0,0,1,0,0,0,0,0,0,1,0,1,0,0
17,Leticia Sanders,AR,36.700001,12,0,0,1,0,0,0,1,0,0,1,0,0,1,0,0,0,0,1,0,0,0,1,0,0
18,Chintan Desai,AR,100.0,10,2,0,0,1,0,1,1,0,0,1,0,0,1,0,0,0,0,1,0,0,0,1,0,0
19,Clarke Tucker,AR,57.82,11,1,0,0,1,0,1,0,0,1,1,0,0,1,0,0,1,0,1,0,0,0,0,0,1
20,Gwen Combs,AR,20.299999,11,1,0,0,1,0,0,0,0,1,0,0,1,1,0,0,0,0,1,0,0,0,0,1,0
21,Jonathan Dunkley,AR,9.340000199999999,11,0,1,0,1,0,0,1,0,0,1,0,0,1,0,0,0,0,1,0,0,0,0,1,0
22,Paul Spencer,AR,12.55,11,0,1,0,1,0,0,0,0,1,1,0,0,1,0,0,0,0,1,0,0,0,0,1,0
23,Joshua Mahony,AR,100.0,11,1,0,0,1,0,1,0,0,1,1,0,0,1,0,0,0,0,1,0,0,0,1,0,0
24,Hayden Shamel,AR,100.0,12,0,0,0,1,0,1,0,0,1,1,0,0,1,0,0,0,0,1,0,0,0,1,0,0
25,Brianna Westbrook,AZ,39.720001,10,2,0,0,1,0,0,0,0,1,1,0,0,0,0,1,0,0,1,0,0,0,1,0,0
26,Hiral Tipirneni,AZ,60.220001,10,0,2,0,1,0,1,1,0,0,1,0,0,1,0,0,0,0,0,0,1,0,1,0,0
27,Akinyemi Agbede,CA,0.22,10,0,2,1,0,0,0,1,0,0,1,0,0,1,0,0,0,0,0,0,1,0,1,0,0
28,Albert Caesar Mezzetti,CA,0.28,10,0,2,1,0,0,0,0,0,1,0,0,1,1,0,0,1,0,1,0,0,0,1,0,0
29,Amanda Renteria,CA,2.1500001,10,0,2,1,0,0,0,1,0,0,1,0,0,1,0,0,0,0,1,0,0,0,1,0,0
30,Antonio Villaraigosa,CA,21.290001,10,0,2,1,0,0,0,1,0,0,1,0,0,1,0,0,1,0,1,0,0,0,1,0,0
31,Delaine Eastin,CA,5.4000001,10,2,0,1,0,0,0,0,0,1,1,0,0,1,0,0,1,0,1,0,0,0,1,0,0
32,Gavin Newsom,CA,53.869999,10,1,1,1,0,0,1,0,0,1,1,0,0,1,0,0,1,0,1,0,0,0,1,0,0
33,John Chiang,CA,15.08,10,1,1,1,0,0,0,1,0,0,1,0,0,1,0,0,1,0,0,0,1,0,1,0,0
34,Juan Bribiesca,CA,0.40000001,10,0,2,1,0,0,0,1,0,0,1,0,0,1,0,0,0,0,0,0,1,0,1,0,0
35,Klement Tinaj,CA,0.12,10,0,2,1,0,0,0,1,0,0,1,0,0,1,0,0,0,0,1,0,0,0,1,0,0
36,Michael Shellenberger,CA,0.73000002,10,0,2,1,0,0,0,0,0,1,1,0,0,1,0,0,0,0,1,0,0,0,1,0,0
37,Robert Davidson Griffis,CA,0.25999999,10,0,2,1,0,0,0,0,0,1,1,0,0,1,0,0,0,0,1,0,0,0,1,0,0
38,Thomas Jefferson Cares,CA,0.20999999,10,0,2,1,0,0,0,0,0,1,1,0,0,1,0,0,0,0,0,0,1,0,1,0,0
39,Audrey Denney,CA,43.650002,9,2,1,0,1,0,1,0,0,1,1,0,0,1,0,0,0,0,1,0,0,0,1,0,0
40,David Peterson,CA,7.3000002,9,0,3,0,1,0,0,0,0,1,1,0,0,1,0,0,0,0,1,0,0,0,1,0,0
41,Jessica Holcombe,CA,28.540001,9,0,3,0,1,0,0,0,0,1,1,0,0,1,0,0,0,0,1,0,0,0,1,0,0
42,Marty Walters,CA,20.51,9,1,2,0,1,0,0,0,0,1,1,0,0,1,0,0,0,0,1,0,0,0,1,0,0
43,Dotty Nygard,CA,1.89,7,2,3,0,1,0,0,0,0,1,1,0,0,1,0,0,0,0,0,0,1,0,0,1,0
44,Josh Harder,CA,35.57,7,1,4,0,1,0,1,0,0,1,1,0,0,1,0,0,0,0,0,0,1,0,0,0,1
45,Michael Eggman,CA,21.34,7,0,5,0,1,0,0,0,0,1,1,0,0,1,0,0,0,0,1,0,0,0,0,1,0
46,Mike Barkley,CA,4.98,7,0,5,0,1,0,0,0,0,1,0,0,1,1,0,0,0,0,0,0,1,0,0,1,0
47,Sue Zwahlen,CA,17.049999,7,0,5,0,1,0,0,0,0,1,1,0,0,1,0,0,1,0,0,0,1,0,0,1,0
48,Virginia Madueno,CA,19.17,7,3,2,0,1,0,0,1,0,0,1,0,0,1,0,0,1,0,1,0,0,0,0,1,0
49,TJ Cox,CA,100.0,11,0,1,0,1,0,1,1,0,0,1,0,0,1,0,0,0,0,0,0,1,0,0,0,1
50,Andrew Janz,CA,78.83000200000001,12,0,0,0,1,0,1,1,0,0,1,0,0,1,0,0,0,0,1,0,0,0,1,0,0
51,Bobby Bliatout,CA,12.26,12,0,0,0,1,0,0,1,0,0,1,0,0,1,0,0,0,0,1,0,0,0,1,0,0
52,Ricardo Franco,CA,8.909999800000001,12,0,0,0,1,0,0,1,0,0,1,0,0,1,0,0,0,0,0,0,1,0,1,0,0
53,Kurtis Wilson,CA,4.8400002,12,0,0,0,1,0,0,1,0,0,1,0,0,1,0,0,0,0,1,0,0,0,1,0,0
54,Mary Helen Barro,CA,18.200001,12,0,0,0,1,0,0,1,0,0,1,0,0,1,0,0,0,0,1,0,0,0,1,0,0
55,Tatiana Matta,CA,42.720001,12,0,0,0,1,0,1,1,0,0,1,0,0,1,0,0,0,0,1,0,0,0,1,0,0
56,Wendy Reed,CA,34.25,12,0,0,0,1,0,0,0,0,1,1,0,0,1,0,0,0,0,1,0,0,0,1,0,0
57,Bryan Caforio,CA,38.259997999999996,8,2,2,0,1,0,0,0,0,1,1,0,0,1,0,0,0,0,1,0,0,0,0,1,0
58,Jess Phoenix,CA,13.24,8,2,2,0,1,0,0,0,0,1,1,0,0,1,0,0,0,0,0,0,1,0,0,1,0
59,Katie Hill,CA,42.970001,8,2,2,0,1,0,1,0,0,1,1,0,0,0,0,1,0,0,1,0,0,0,0,0,1
60,Mary Pallant,CA,5.54,9,0,3,0,1,0,0,0,0,1,1,0,0,1,0,0,0,0,1,0,0,0,0,1,0
61,Andy Thorburn,CA,20.440001000000002,7,2,3,0,1,0,0,0,0,1,1,0,0,1,0,0,0,1,1,0,0,0,0,1,0
62,Gil Cisneros,CA,43.23,7,2,3,0,1,0,1,1,0,0,0,0,1,1,0,0,0,1,1,0,0,0,0,0,1
63,Herbert Lee,CA,9.4200001,7,0,5,0,1,0,0,1,0,0,1,0,0,1,0,0,0,1,0,0,1,0,0,1,0
64,Mai Khanh Tran,CA,11.69,7,2,3,0,1,0,0,1,0,0,1,0,0,1,0,0,0,1,0,0,1,0,0,1,0
65,Sam Jammal,CA,11.98,7,2,3,0,1,0,0,1,0,0,1,0,0,1,0,0,0,0,1,0,0,1,0,1,0
66,Suzi Park Leggett,CA,3.24,7,0,5,0,1,0,0,1,0,0,1,0,0,1,0,0,0,0,1,0,0,0,0,1,0
67,Jessica Morse,CA,49.099998,8,2,2,0,1,0,1,0,0,1,1,0,0,1,0,0,0,0,1,0,0,0,1,0,0
68,Regina Bateson,CA,30.07,8,1,3,0,1,0,0,0,0,1,1,0,0,1,0,0,0,0,1,0,0,0,1,0,0
69,Robert Lawton,CA,5.25,8,0,4,0,1,0,0,0,0,1,1,0,0,1,0,0,0,0,1,0,0,0,1,0,0
70,Roza Calderon,CA,15.57,8,3,1,0,1,0,0,1,0,0,1,0,0,1,0,0,0,0,0,0,1,0,1,0,0
71,Julia Peacock,CA,76.019997,10,2,0,0,1,0,1,0,0,1,1,0,0,1,0,0,0,0,1,0,0,0,1,0,0
72,Norman Quintero,CA,23.98,10,0,2,0,1,0,0,1,0,0,1,0,0,1,0,0,0,0,1,0,0,0,1,0,0
73,Brian Forde,CA,13.06,7,1,4,0,1,0,0,0,0,1,1,0,0,1,0,0,0,0,0,0,1,1,0,1,0
74,Dave Min,CA,38.740002000000004,7,1,4,0,1,0,0,1,0,0,1,0,0,1,0,0,0,0,1,0,0,0,0,1,0
75,Katie Porter,CA,44.040001000000004,7,5,0,0,1,0,1,0,0,1,1,0,0,1,0,0,0,0,1,0,0,0,0,0,1
76,Kia Hamadanchy,CA,4.150000100000001,7,2,3,0,1,0,0,1,0,0,1,0,0,1,0,0,0,0,1,0,0,0,0,1,0
77,Deanie Schaarsmith,CA,1.79,8,0,4,0,1,0,0,0,0,1,1,0,0,1,0,0,0,0,1,0,0,0,0,1,0
78,Hans Keirstead,CA,37.439999,8,1,3,0,1,0,0,0,0,1,1,0,0,1,0,0,0,1,0,0,1,0,0,1,0
79,Harley Rouda,CA,37.599998,8,2,2,0,1,0,1,0,0,1,1,0,0,1,0,0,0,1,1,0,0,0,0,0,1
80,Laura Oatman,CA,3.01,8,1,3,0,1,0,0,0,0,1,1,0,0,1,0,0,0,0,0,0,1,0,0,1,0
81,Michael Kotick,CA,3.26,8,0,4,0,1,0,0,0,0,1,1,0,0,1,0,0,0,0,1,0,0,0,0,1,0
82,Omar Siddiqui,CA,10.81,8,1,3,0,1,0,0,1,0,0,1,0,0,1,0,0,0,1,0,0,1,0,0,1,0
83,Rachel Payne,CA,4.4899998,8,1,3,0,1,0,0,0,0,1,1,0,0,1,0,0,0,0,0,0,1,0,0,1,0
84,Tony Zarkades,CA,1.6,8,0,4,0,1,0,0,0,0,1,0,0,1,1,0,0,0,0,0,0,1,0,0,1,0
85,Douglas Applegate,CA,25.76,8,2,2,0,1,0,0,0,0,1,0,0,1,1,0,0,0,0,1,0,0,0,0,1,0
86,Mike Levin,CA,34.400002,8,1,3,0,1,0,1,0,0,1,1,0,0,1,0,0,0,0,1,0,0,0,0,0,1
87,Paul Kerr,CA,8.75,8,0,4,0,1,0,0,0,0,1,0,0,1,1,0,0,0,1,1,0,0,0,0,1,0
88,Sara Jacobs,CA,31.09,8,1,3,0,1,0,0,0,0,1,1,0,0,1,0,0,0,1,1,0,0,1,0,1,0
89,Ammar Campa-Najjar,CA,48.360001000000004,9,3,0,0,1,0,1,1,0,0,1,0,0,1,0,0,0,0,1,0,0,1,1,0,0
90,Josh Butner,CA,35.509997999999996,8,1,3,0,1,0,0,0,0,1,0,0,1,1,0,0,0,0,1,0,0,0,1,0,0
91,Patrick Malloy,CA,16.129998999999998,9,0,3,0,1,0,0,0,0,1,1,0,0,1,0,0,0,0,1,0,0,0,1,0,0
92,Marge Doyle,CA,59.610001000000004,12,0,0,0,1,0,0,0,0,1,1,0,0,0,0,1,0,0,0,0,1,0,1,0,0
93,Rita Ramirez,CA,27.67,12,0,0,0,1,0,0,1,0,0,1,0,0,1,0,0,0,0,1,0,0,0,1,0,0
94,Ronald O'Donnell,CA,12.71,12,0,0,0,1,0,0,0,0,1,1,0,0,1,0,0,0,0,1,0,0,0,1,0,0
95,Cary Kennedy,CO,24.719998999999998,10,2,0,1,0,0,0,0,0,1,1,0,0,1,0,0,1,0,1,0,0,0,1,0,0
96,Donna Lynne,CO,7.280000200000001,10,0,2,1,0,0,0,0,0,1,1,0,0,1,0,0,1,0,1,0,0,0,1,0,0
97,Jared Polis,CO,44.43,10,0,2,1,0,0,1,0,0,1,1,0,0,0,0,1,1,1,1,0,0,0,1,0,0
98,Michael Johnston,CO,23.57,10,0,2,1,0,0,0,0,0,1,1,0,0,1,0,0,1,0,1,0,0,1,1,0,0
99,Joe Neguse,CO,65.82,12,0,0,0,1,0,1,1,0,0,1,0,0,1,0,0,0,0,1,0,0,0,1,0,0
100,Mark Williams,CO,34.18,12,0,0,0,1,0,0,1,0,0,0,0,1,1,0,0,0,0,1,0,0,0,1,0,0
101,Arn Menconi,CO,8.220000299999999,11,0,1,0,1,0,0,0,0,1,1,0,0,1,0,0,0,0,1,0,0,0,1,0,0
102,Diane Mitsch Bush,CO,64.099998,11,1,0,0,1,0,1,0,0,1,1,0,0,1,0,0,1,0,1,0,0,0,1,0,0
103,Karl Hanlon,CO,27.68,11,0,1,0,1,0,0,0,0,1,1,0,0,1,0,0,0,0,1,0,0,0,1,0,0
104,Chase Kohne,CO,35.32,12,0,0,0,1,0,0,0,0,1,0,0,1,1,0,0,0,0,0,0,1,0,1,0,0
105,Karen McCormick,CO,64.629997,12,0,0,0,1,0,1,0,0,1,1,0,0,1,0,0,0,0,0,0,1,0,1,0,0
106,Stephany Rose Spaulding,CO,100.0,11,1,0,0,1,0,1,1,0,0,1,0,0,1,0,0,0,0,1,0,0,0,1,0,0
107,Jason Crow,CO,65.940002,10,1,1,0,1,0,1,0,0,1,0,0,1,1,0,0,0,0,1,0,0,0,0,0,1
108,Levi Tillemann,CO,34.060001,10,1,1,0,1,0,0,0,0,1,1,0,0,1,0,0,0,0,0,0,1,1,0,1,0
109,Stacey Abrams,GA,76.440002,7,5,0,1,0,0,1,1,0,0,1,0,0,1,0,0,1,0,1,0,0,0,1,0,0
110,Stacey Evans,GA,23.559998999999998,7,0,5,1,0,0,0,0,0,1,1,0,0,1,0,0,0,1,1,0,0,0,1,0,0
111,Barbara Seidman,GA,32.459998999999996,9,0,3,0,1,0,0,1,0,0,1,0,0,1,0,0,0,0,1,0,0,0,1,0,0
112,Lisa Ring,GA,67.540001,8,3,1,0,1,0,1,0,0,1,1,0,0,1,0,0,0,0,1,0,0,0,1,0,0
113,Chalis Montgomery,GA,26.459999,12,0,0,0,1,0,0,0,0,1,1,0,0,1,0,0,0,0,1,0,0,0,1,0,0
114,Richard Dien Winfield,GA,23.33,12,0,0,0,1,0,0,0,0,1,1,0,0,1,0,0,0,0,1,0,0,0,1,0,0
115,Tabitha Johnson-Green,GA,50.200001,12,0,0,0,1,0,1,0,0,1,1,0,0,1,0,0,0,0,0,0,1,0,1,0,0
116,Flynn Broady Jr.,GA,100.0,12,0,0,0,1,0,1,1,0,0,0,0,1,1,0,0,0,0,1,0,0,0,1,0,0
117,Francys Johnson,GA,52.860001000000004,12,0,0,0,1,0,1,1,0,0,1,0,0,1,0,0,0,0,1,0,0,0,1,0,0
118,Robert Ingham,GA,31.15,12,0,0,0,1,0,0,0,0,1,1,0,0,1,0,0,0,0,1,0,0,0,1,0,0
119,Trent Nesmith,GA,15.99,12,0,0,0,1,0,0,0,0,1,1,0,0,1,0,0,0,0,1,0,0,0,1,0,0
120,Steven Foster,GA,100.0,12,0,0,0,1,0,1,0,0,1,1,0,0,1,0,0,0,0,0,0,1,0,1,0,0
121,Chuck Enderlin,GA,59.869999,12,0,0,0,1,0,1,0,0,1,0,0,1,1,0,0,0,0,1,0,0,0,1,0,0
122,Rusty Oliver,GA,40.130001,12,0,0,0,1,0,0,0,0,1,1,0,0,1,0,0,0,0,1,0,0,0,1,0,0
123,Bobby Kaple,GA,26.25,10,0,2,0,1,0,0,0,0,1,1,0,0,1,0,0,0,0,1,0,0,0,1,0,0
124,Kevin Abel,GA,30.540001,10,0,2,0,1,0,1,0,0,1,1,0,0,1,0,0,0,0,0,0,1,0,1,0,0
125,Lucy McBath,GA,36.27,10,2,0,0,1,0,1,1,0,0,1,0,0,1,0,0,0,0,0,0,1,0,1,0,0
126,Steven Knight Griffin,GA,6.9499998,10,0,2,0,1,0,0,0,0,1,1,0,0,1,0,0,0,0,1,0,0,0,1,0,0
127,Carolyn Bourdeaux,GA,27.280001000000002,10,1,1,0,1,0,1,0,0,1,1,0,0,1,0,0,0,0,1,0,0,0,1,0,0
128,David Kim,GA,25.98,10,0,2,0,1,0,1,1,0,0,1,0,0,1,0,0,0,1,1,0,0,0,1,0,0
129,Ethan Pham,GA,17.84,10,0,2,0,1,0,0,1,0,0,1,0,0,1,0,0,0,0,1,0,0,0,1,0,0
130,Kathleen Allen,GA,11.02,10,1,1,0,1,0,0,0,0,1,1,0,0,1,0,0,0,0,1,0,0,0,1,0,0
131,Melissa Davis,GA,13.67,10,0,2,0,1,0,0,1,0,0,1,0,0,1,0,0,0,0,1,0,0,0,1,0,0
132,Steve Reilly,GA,4.1999998,10,0,2,0,1,0,0,0,0,1,0,0,1,1,0,0,0,0,1,0,0,0,1,0,0
133,Dave Cooper,GA,47.27,10,1,1,0,1,0,0,0,0,1,0,0,1,1,0,0,0,0,1,0,0,0,1,0,0
134,Josh McCall,GA,52.73,10,1,1,0,1,0,1,0,0,1,1,0,0,1,0,0,0,0,1,0,0,0,1,0,0
135,Andy McGuire,IA,5.25,8,0,4,1,0,0,0,0,0,1,1,0,0,1,0,0,0,0,0,0,1,0,1,0,0
136,Cathy Glasson,IA,20.549999,8,4,0,1,0,0,0,0,0,1,1,0,0,1,0,0,0,0,0,0,1,0,1,0,0
137,Fred Hubbell,IA,55.41,8,0,4,1,0,0,1,0,0,1,1,0,0,1,0,0,0,1,1,0,0,0,1,0,0
138,John Norris,IA,11.44,8,0,4,1,0,0,0,0,0,1,1,0,0,1,0,0,0,0,1,0,0,1,1,0,0
139,Nate Boulton,IA,4.9699998,8,0,4,1,0,0,0,0,0,1,1,0,0,1,0,0,1,0,1,0,0,0,1,0,0
140,Ross Wilburn,IA,2.1700001,8,0,4,1,0,0,0,1,0,0,1,0,0,1,0,0,0,0,1,0,0,0,1,0,0
141,Abby Finkenauer,IA,66.800003,10,2,0,0,1,0,1,0,0,1,1,0,0,1,0,0,1,0,1,0,0,0,0,0,1
142,Courtney Rowe,IA,7.5900002,9,1,2,0,1,0,0,0,0,1,1,0,0,1,0,0,0,0,0,0,1,0,0,1,0
143,George Ramsey,IA,6.369999900000001,10,0,2,0,1,0,0,1,0,0,0,0,1,1,0,0,0,0,1,0,0,0,0,1,0
144,Thomas Heckroth,IA,19.120001000000002,10,0,2,0,1,0,0,0,0,1,1,0,0,1,0,0,0,0,1,0,0,1,0,1,0
145,Cindy Axne,IA,57.799999,9,1,2,0,1,0,1,0,0,1,1,0,0,1,0,0,0,0,1,0,0,0,0,0,1
146,Eddie Mauro,IA,26.35,9,0,3,0,1,0,0,0,0,1,1,0,0,1,0,0,0,1,1,0,0,0,0,1,0
147,Pete D'Alessandro,IA,15.58,9,2,1,0,1,0,0,0,0,1,1,0,0,1,0,0,0,0,1,0,0,0,0,1,0
148,J.D. Scholten,IA,51.259997999999996,10,2,0,0,1,0,1,0,0,1,1,0,0,1,0,0,0,0,1,0,0,0,1,0,0
149,John Paschen,IA,16.719998999999998,10,0,2,0,1,0,0,0,0,1,1,0,0,1,0,0,0,0,0,0,1,0,1,0,0
150,Leann Jacobsen,IA,31.92,10,0,2,0,1,0,0,0,0,1,1,0,0,1,0,0,1,0,1,0,0,0,1,0,0
151,A.J. Balukoff,ID,40.099998,10,0,2,1,0,0,0,0,0,1,1,0,0,1,0,0,0,1,1,0,0,0,1,0,0
152,Paulette E. Jordan,ID,58.400002,10,2,0,1,0,0,1,1,0,0,1,0,0,1,0,0,1,0,1,0,0,0,1,0,0
153,Peter Dill,ID,1.4,10,0,2,1,0,0,0,0,0,1,1,0,0,1,0,0,0,0,1,0,0,0,1,0,0
154,Christina McNeil,ID,69.699997,12,0,0,0,1,0,1,1,0,0,1,0,0,1,0,0,0,0,1,0,0,0,1,0,0
155,James Vandermaas,ID,15.8,12,0,0,0,1,0,0,0,0,1,1,0,0,1,0,0,0,0,1,0,0,0,1,0,0
156,Michael Smith,ID,14.5,12,0,0,0,1,0,0,0,0,1,0,0,1,1,0,0,0,0,1,0,0,0,1,0,0
157,Aaron Swisher,ID,67.599998,12,0,0,0,1,0,1,0,0,1,1,0,0,1,0,0,0,0,1,0,0,0,1,0,0
158,Peter Rickards,ID,32.400002,12,0,0,0,1,0,0,0,0,1,1,0,0,1,0,0,0,0,1,0,0,0,1,0,0
159,Bob Daiber,IL,1.1,10,0,2,1,0,0,0,0,0,1,1,0,0,1,0,0,1,0,1,0,0,0,1,0,0
160,Chris Kennedy,IL,24.4,10,0,2,1,0,0,0,0,0,1,1,0,0,1,0,0,0,1,1,0,0,0,1,0,0
161,Daniel K. Biss,IL,26.700001,10,2,0,1,0,0,0,0,0,1,1,0,0,1,0,0,1,0,0,0,1,0,1,0,0
162,J.B. Pritzker,IL,45.099998,10,0,2,1,0,0,1,0,0,1,1,0,0,1,0,0,0,1,1,0,0,0,1,0,0
163,Robert Marshall,IL,1.1,10,0,2,1,0,0,0,0,0,1,0,0,1,1,0,0,0,0,0,0,1,0,1,0,0
164,Tio Hardiman,IL,1.6,10,0,2,1,0,0,0,1,0,0,1,0,0,1,0,0,0,0,1,0,0,0,1,0,0
165,Brendan Kelly,IL,81.0,10,2,0,0,1,0,1,0,0,1,0,0,1,1,0,0,0,0,1,0,0,0,0,0,1
166,David Bequette,IL,19.0,10,0,2,0,1,0,0,0,0,1,0,0,1,1,0,0,0,0,1,0,0,0,0,1,0
167,Angel Sides,IL,4.1999998,10,0,2,0,1,0,0,0,0,1,1,0,0,1,0,0,0,0,1,0,0,0,0,1,0
168,Betsy Londrigan,IL,45.700001,10,1,1,0,1,0,1,0,0,1,1,0,0,1,0,0,0,0,1,0,0,0,0,0,1
169,David Gill,IL,14.4,10,1,1,0,1,0,0,0,0,1,1,0,0,1,0,0,0,0,0,0,1,0,0,1,0
170,Erik Jones,IL,22.4,10,0,2,0,1,0,0,0,0,1,1,0,0,1,0,0,0,0,1,0,0,0,0,1,0
171,Jonathan Ebel,IL,13.3,10,0,2,0,1,0,0,0,0,1,0,0,1,1,0,0,0,0,1,0,0,0,0,1,0
172,Daniel Roldan-Johnson,IL,2.3,8,0,4,0,1,0,0,0,0,1,1,0,0,0,0,1,0,0,1,0,0,0,0,1,0
173,George Weber,IL,5.0,8,0,4,0,1,0,0,0,0,1,1,0,0,1,0,0,0,0,0,0,1,0,0,1,0
174,Jim Walz,IL,10.0,8,1,3,0,1,0,0,0,0,1,1,0,0,1,0,0,0,0,1,0,0,0,0,1,0
175,John Hosta,IL,5.0,8,0,4,0,1,0,0,0,0,1,1,0,0,1,0,0,0,0,1,0,0,0,0,1,0
176,Lauren Underwood,IL,57.299999,8,3,1,0,1,0,1,1,0,0,1,0,0,1,0,0,0,0,0,0,1,1,0,0,1
177,Matt Brolley,IL,13.4,8,0,4,0,1,0,0,0,0,1,1,0,0,1,0,0,1,0,0,0,1,0,0,1,0
178,Victor Swanson,IL,7.0,8,0,4,0,1,0,0,0,0,1,0,0,1,1,0,0,0,0,1,0,0,0,0,1,0
179,Carl Spoerer,IL,37.900002,12,0,0,0,1,0,0,0,0,1,1,0,0,1,0,0,0,0,0,0,1,0,1,0,0
180,Kevin Gaither,IL,62.099998,12,0,0,0,1,0,1,0,0,1,1,0,0,1,0,0,0,0,1,0,0,0,1,0,0
181,Amy Murri Briel,IL,19.5,11,1,0,0,1,0,0,0,0,1,1,0,0,1,0,0,0,0,1,0,0,0,1,0,0
182,Beth Vercolio-Osmund,IL,13.0,11,0,1,0,1,0,0,0,0,1,1,0,0,1,0,0,0,0,1,0,0,0,1,0,0
183,Neill Mohammad,IL,27.200001,11,0,1,0,1,0,0,1,0,0,1,0,0,1,0,0,0,0,1,0,0,0,1,0,0
184,Sara Dady,IL,40.299999,11,0,1,0,1,0,1,0,0,1,1,0,0,1,0,0,0,0,1,0,0,0,1,0,0
185,Brian Deters,IL,39.5,12,0,0,0,1,0,0,0,0,1,1,0,0,1,0,0,0,0,1,0,0,0,1,0,0
186,Darrel Miller,IL,18.799999,12,0,0,0,1,0,0,0,0,1,1,0,0,1,0,0,0,0,1,0,0,0,1,0,0
187,Junius Rodriguez,IL,41.700001,12,0,0,0,1,0,1,0,0,1,1,0,0,1,0,0,0,0,1,0,0,0,1,0,0
188,Jesus Garcia,IL,66.199997,9,2,1,0,1,0,1,1,0,0,1,0,0,1,0,0,1,0,1,0,0,0,1,0,0
189,Richard Gonzalez,IL,11.9,9,0,3,0,1,0,0,1,0,0,1,0,0,1,0,0,0,0,1,0,0,0,1,0,0
190,Sol Flores,IL,21.9,9,1,2,0,1,0,0,1,0,0,1,0,0,1,0,0,0,0,1,0,0,0,1,0,0
191,Amanda Howland,IL,12.7,10,0,2,0,1,0,0,0,0,1,1,0,0,1,0,0,0,0,1,0,0,0,0,1,0
192,Becky Anderson Wilkins,IL,6.0,10,0,2,0,1,0,0,0,0,1,1,0,0,1,0,0,0,0,1,0,0,0,0,1,0
193,Carole Cheney,IL,17.4,10,0,2,0,1,0,0,0,0,1,1,0,0,1,0,0,0,0,1,0,0,0,0,1,0
194,Jennifer Zordani,IL,4.099999899999999,10,0,2,0,1,0,0,0,0,1,1,0,0,1,0,0,0,0,1,0,0,0,0,1,0
195,Kelly Mazeski,IL,26.799999,10,1,1,0,1,0,0,0,0,1,1,0,0,1,0,0,0,0,0,0,1,0,0,1,0
196,Ryan Huffman,IL,3.5,10,0,2,0,1,0,0,0,0,1,1,0,0,1,0,0,0,0,0,0,1,0,0,1,0
197,Sean Casten,IL,29.5,10,1,1,0,1,0,1,0,0,1,1,0,0,1,0,0,0,1,0,0,1,0,0,0,1
198,Douglas Carpenter,IN,5.3000002,11,0,1,0,1,0,0,0,0,1,1,0,0,1,0,0,0,0,0,0,1,0,1,0,0
199,John Petroff,IN,1.5,11,0,1,0,1,0,0,0,0,1,1,0,0,1,0,0,0,0,1,0,0,0,1,0,0
200,Mel Hall,IN,41.700001,11,0,1,0,1,0,1,0,0,1,1,0,0,1,0,0,0,1,0,0,1,0,1,0,0
201,Pat Hackett,IN,28.200001,11,0,1,0,1,0,0,0,0,1,1,0,0,0,0,1,0,0,1,0,0,0,1,0,0
202,Roland Leech,IN,1.2,11,0,1,0,1,0,0,0,0,1,0,0,1,1,0,0,0,0,1,0,0,0,1,0,0
203,Yatish Joshi,IN,22.1,11,1,0,0,1,0,0,1,0,0,1,0,0,1,0,0,0,1,0,0,1,0,1,0,0
204,Courtney Tritch,IN,79.099998,12,0,0,0,1,0,1,0,0,1,1,0,0,1,0,0,0,0,1,0,0,0,1,0,0
205,John Roberson,IN,10.2,12,0,0,0,1,0,0,1,0,0,0,0,1,1,0,0,0,0,1,0,0,0,1,0,0
206,Tommy Schrader,IN,10.7,12,0,0,0,1,0,0,0,0,1,1,0,0,1,0,0,0,0,1,0,0,0,1,0,0
207,Darin Patrick Griesey,IN,6.6999998,12,0,0,0,1,0,0,0,0,1,1,0,0,1,0,0,0,0,1,0,0,0,1,0,0
208,Joe Mackey,IN,16.1,12,0,0,0,1,0,0,0,0,1,1,0,0,1,0,0,0,0,1,0,0,0,1,0,0
209,Roger Day,IN,12.4,12,0,0,0,1,0,0,0,0,1,1,0,0,1,0,0,0,0,1,0,0,0,1,0,0
210,Roland Ellis,IN,9.1999998,12,0,0,0,1,0,0,0,0,1,0,1,0,0,1,0,0,0,0,1,0,0,1,0,0
211,Tobi Beck,IN,34.599998,12,0,0,0,1,0,1,0,0,1,0,0,1,1,0,0,0,0,1,0,0,0,1,0,0
212,Veronikka Ziol,IN,21.1,12,0,0,0,1,0,0,0,0,1,1,0,0,0,0,1,0,0,1,0,0,0,1,0,0
213,Dee Thornton,IN,53.0,12,0,0,0,1,0,1,1,0,0,1,0,0,1,0,0,0,0,1,0,0,0,1,0,0
214,Dion Douglas,IN,10.3,12,0,0,0,1,0,0,0,0,1,1,0,0,1,0,0,0,0,1,0,0,0,1,0,0
215,Eshel Faraggi,IN,7.599999900000001,12,0,0,0,1,0,0,1,0,0,1,0,0,1,0,0,0,0,0,0,1,0,1,0,0
216,Kyle Brenden Moore,IN,23.700001,12,0,0,0,1,0,0,1,0,0,1,0,0,1,0,0,0,0,0,0,1,0,1,0,0
217,Sean Dugdale,IN,5.5,12,0,0,0,1,0,0,0,0,1,1,0,0,1,0,0,0,0,1,0,0,0,1,0,0
218,George Thomas Holland,IN,11.1,12,0,0,0,1,0,0,0,0,1,0,0,1,1,0,0,0,0,0,0,1,0,1,0,0
219,Jeannine Lee Lake,IN,38.299999,12,0,0,0,1,0,1,1,0,0,1,0,0,1,0,0,0,0,1,0,0,0,1,0,0
220,Jim Pruett,IN,25.799999,12,0,0,0,1,0,0,0,0,1,1,0,0,1,0,0,0,0,1,0,0,0,1,0,0
221,Joshua Williamson,IN,7.3000002,12,0,0,0,1,0,0,0,0,1,1,0,0,1,0,0,0,0,0,0,1,0,1,0,0
222,K. Lave,IN,1.9,12,0,0,0,1,0,0,0,0,1,1,0,0,1,0,0,0,0,1,0,0,0,1,0,0
223,Lane Siekman,IN,15.6,12,0,0,0,1,0,0,0,0,1,1,0,0,1,0,0,0,0,1,0,0,0,1,0,0
224,William Tanoos,IN,100.0,12,0,0,0,1,0,1,0,0,1,1,0,0,1,0,0,0,0,1,0,0,0,1,0,0
225,Daniel Canon,IN,30.700001,7,1,4,0,1,0,0,0,0,1,1,0,0,1,0,0,0,0,1,0,0,0,1,0,0
226,Liz Watson,IN,66.400002,7,4,1,0,1,0,1,0,0,1,1,0,0,1,0,0,0,0,1,0,0,0,1,0,0
227,Rob Chatlos,IN,2.9000001,7,0,5,0,1,0,0,0,0,1,1,0,0,1,0,0,0,0,1,0,0,0,1,0,0
228,Arden Andersen,KS,7.900000099999999,10,0,2,1,0,0,0,0,0,1,0,0,1,1,0,0,0,0,0,0,1,0,1,0,0
229,Carl Brewer,KS,20.6,10,0,2,1,0,0,0,1,0,0,0,0,1,1,0,0,1,0,1,0,0,0,1,0,0
230,Jack Bergeson,KS,2.5999999,10,0,2,1,0,0,0,0,0,1,1,0,0,1,0,0,0,0,1,0,0,0,1,0,0
231,Joshua Svaty,KS,17.799999,10,1,1,1,0,0,0,0,0,1,1,0,0,1,0,0,0,0,1,0,0,0,1,0,0
232,Laura Kelly,KS,51.400002,10,1,1,1,0,0,1,0,0,1,1,0,0,1,0,0,1,0,1,0,0,0,1,0,0
233,Alan LaPolice,KS,100.0,12,0,0,0,1,0,1,0,0,1,0,0,1,1,0,0,0,0,1,0,0,0,1,0,0
234,Paul Davis,KS,100.0,12,0,0,0,1,0,1,0,0,1,1,0,0,1,0,0,1,0,1,0,0,0,1,0,0
235,Brent Welder,KS,33.900002,5,5,2,0,1,0,0,0,0,1,1,0,0,1,0,0,0,0,1,0,0,1,1,0,0
236,Jay Sidie,KS,2.9000001,5,0,7,0,1,0,0,0,0,1,1,0,0,1,0,0,0,0,1,0,0,0,1,0,0
237,Mike McCamon,KS,6.900000099999999,5,0,7,0,1,0,0,0,0,1,1,0,0,1,0,0,0,0,0,0,1,0,1,0,0
238,Sharice Davids,KS,37.299999,5,2,5,0,1,0,1,1,0,0,1,0,0,0,0,1,0,0,1,0,0,0,1,0,0
239,Sylvia Williams,KS,4.6999998,5,0,7,0,1,0,0,0,0,1,1,0,0,1,0,0,0,0,1,0,0,0,1,0,0
240,Tom Niermann,KS,14.3,5,1,6,0,1,0,0,0,0,1,1,0,0,1,0,0,0,0,1,0,0,0,1,0,0
241,James Thompson,KS,65.300003,8,4,0,0,1,0,1,0,0,1,0,0,1,1,0,0,0,0,1,0,0,0,1,0,0
242,Laura Lombard,KS,34.700001,8,1,3,0,1,0,0,0,0,1,1,0,0,1,0,0,0,0,1,0,0,0,1,0,0
243,Alonzo Pennington,KY,25.4,10,0,2,0,1,0,0,0,0,1,1,0,0,1,0,0,0,0,1,0,0,0,1,0,0
244,Paul Walker,KY,74.599998,10,2,0,0,1,0,1,0,0,1,1,0,0,1,0,0,0,0,1,0,0,0,1,0,0
245,Brian Pedigo,KY,28.68,11,0,1,0,1,0,0,0,0,1,1,0,0,1,0,0,0,0,1,0,0,0,1,0,0
246,Grant Short,KY,19.59,11,1,0,0,1,0,0,0,0,1,1,0,0,1,0,0,0,0,1,0,0,0,1,0,0
247,Hank Linderman,KY,30.02,11,0,1,0,1,0,1,0,0,1,1,0,0,1,0,0,0,0,1,0,0,0,1,0,0
248,Rane Eir Olivia Sessions,KY,21.719998999999998,11,0,1,0,1,0,0,0,0,1,0,0,1,1,0,0,0,0,1,0,0,0,1,0,0
249,Christina Lord,KY,21.709999,11,0,1,0,1,0,0,0,0,1,1,0,0,1,0,0,0,0,1,0,0,0,1,0,0
250,Patti Piatt,KY,37.529999,11,1,0,0,1,0,0,0,0,1,1,0,0,1,0,0,0,0,1,0,0,0,1,0,0
251,Seth Hall,KY,40.77,11,0,1,0,1,0,1,0,0,1,1,0,0,1,0,0,0,0,1,0,0,0,1,0,0
252,Kenneth Stepp,KY,58.689999,12,0,0,0,1,0,1,0,0,1,0,0,1,1,0,0,0,0,1,0,0,0,1,0,0
253,Scott Sykes,KY,41.310001,12,0,0,0,1,0,0,0,0,1,1,0,0,1,0,0,1,0,1,0,0,0,1,0,0
254,Amy McGrath,KY,48.66,11,1,0,0,1,0,1,0,0,1,0,0,1,1,0,0,0,0,1,0,0,0,1,0,0
255,Daniel Kemph,KY,1.23,11,0,1,0,1,0,0,0,0,1,1,0,0,1,0,0,0,0,1,0,0,0,1,0,0
256,Geoff Young,KY,1.5700001000000001,12,0,0,0,1,0,0,0,0,1,1,0,0,1,0,0,0,0,1,0,0,0,1,0,0
257,Jim Gray,KY,40.509997999999996,12,0,0,0,1,0,0,0,0,1,1,0,0,0,0,1,1,0,1,0,0,0,1,0,0
258,Reggie Thomas,KY,7.1999998,11,0,1,0,1,0,0,1,0,0,1,0,0,1,0,0,1,0,1,0,0,0,1,0,0
259,Theodore Green,KY,0.82999998,11,0,1,0,1,0,0,0,0,1,1,0,0,1,0,0,0,0,1,0,0,0,1,0,0
260,Alec Ross,MD,2.3,6,1,5,1,0,0,0,0,0,1,1,0,0,1,0,0,0,0,0,0,1,1,1,0,0
261,Ben Jealous,MD,39.599998,6,5,1,1,0,0,1,1,0,0,1,0,0,1,0,0,0,0,1,0,0,0,1,0,0
262,James Jones,MD,1.5,6,0,6,1,0,0,0,1,0,0,1,0,0,1,0,0,0,0,1,0,0,0,1,0,0
263,Jim Shea (Maryland),MD,8.300000200000001,6,1,5,1,0,0,0,0,0,1,1,0,0,1,0,0,0,1,1,0,0,0,1,0,0
264,Krishanti Vignarajah,MD,8.199999799999999,6,1,5,1,0,0,0,1,0,0,1,0,0,1,0,0,0,0,1,0,0,1,1,0,0
265,Ralph Jaffe,MD,1.6,6,0,6,1,0,0,0,0,0,1,1,0,0,1,0,0,0,0,1,0,0,0,1,0,0
266,Richard Madaleno,MD,5.8000002,6,1,5,1,0,0,0,0,0,1,1,0,0,0,0,1,1,0,1,0,0,0,1,0,0
267,Rushern Baker III,MD,29.4,6,1,5,1,0,0,0,1,0,0,1,0,0,1,0,0,1,0,1,0,0,0,1,0,0
268,Allison Galbraith,MD,28.0,9,1,2,0,1,0,0,0,0,1,1,0,0,1,0,0,0,0,1,0,0,0,1,0,0
269,Erik Lane,MD,2.2,9,0,3,0,1,0,0,0,0,1,1,0,0,1,0,0,0,0,0,0,1,0,1,0,0
270,Jesse Colvin,MD,38.0,9,2,1,0,1,0,1,0,0,1,0,0,1,1,0,0,0,0,1,0,0,0,1,0,0
271,Michael Brown,MD,15.0,9,0,3,0,1,0,0,0,1,0,0,1,0,0,1,0,0,0,0,1,0,0,1,0,0
272,Michael Pullen,MD,12.9,9,2,1,0,1,0,0,0,0,1,1,0,0,1,0,0,0,0,1,0,0,0,1,0,0
273,Steve Worton,MD,3.9000001,9,0,3,0,1,0,0,0,0,1,1,0,0,1,0,0,0,0,1,0,0,0,1,0,0
274,Andrew Duck,MD,4.9000001,7,1,4,0,1,0,0,0,0,1,0,0,1,1,0,0,0,0,1,0,0,0,1,0,0
275,Aruna Miller,MD,30.700001,7,2,3,0,1,0,0,1,0,0,1,0,0,1,0,0,1,0,0,0,1,0,1,0,0
276,Chris Graves,MD,1.6,7,0,5,0,1,0,0,0,0,1,1,0,0,1,0,0,0,0,1,0,0,0,1,0,0
277,Christopher Hearsey,MD,0.89999998,7,1,4,0,1,0,0,0,0,1,1,0,0,1,0,0,0,0,0,0,1,0,1,0,0
278,David Trone,MD,40.299999,7,1,4,0,1,0,1,0,0,1,1,0,0,1,0,0,0,1,1,0,0,0,1,0,0
279,George English,MD,1.1,7,0,5,0,1,0,0,0,0,1,1,0,0,1,0,0,0,0,1,0,0,0,1,0,0
280,Nadia Hashimi,MD,10.4,7,1,4,0,1,0,0,1,0,0,1,0,0,1,0,0,0,0,0,0,1,0,1,0,0
281,Roger Manno,MD,10.3,7,4,1,0,1,0,0,0,0,1,1,0,0,1,0,0,1,0,1,0,0,0,1,0,0
282,Adam Cote,ME,28.129998999999998,9,1,2,1,0,0,0,0,0,1,0,0,1,1,0,0,0,0,1,0,0,0,1,0,0
283,Betsy Sweet,ME,16.459999,9,2,1,1,0,0,0,0,0,1,1,0,0,0,0,1,0,0,1,0,0,0,1,0,0
284,Diane Russell,ME,2.1600001,9,2,1,1,0,0,0,0,0,1,1,0,0,1,0,0,1,0,1,0,0,0,1,0,0
285,Donna Dion,ME,1.27,9,1,2,1,0,0,0,0,0,1,1,0,0,1,0,0,0,0,1,0,0,0,1,0,0
286,Janet T. Mills,ME,33.09,9,1,2,1,0,0,1,0,0,1,1,0,0,1,0,0,1,0,1,0,0,0,1,0,0
287,Mark Dion,ME,4.1199999,9,1,2,1,0,0,0,0,0,1,1,0,0,1,0,0,1,0,1,0,0,0,1,0,0
288,Mark Eves,ME,14.18,9,2,1,1,0,0,0,0,0,1,1,0,0,1,0,0,1,0,1,0,0,0,1,0,0
289,Craig Olson,ME,8.8299999,10,1,1,0,1,0,0,0,1,0,1,0,0,1,0,0,0,0,1,0,0,0,1,0,0
290,Jared Golden,ME,46.419998,10,1,1,0,1,0,1,0,1,0,0,0,1,1,0,0,1,0,1,0,0,0,1,0,0
291,Lucas St. Clair,ME,39.240002000000004,10,1,1,0,1,0,0,0,1,0,1,0,0,1,0,0,0,0,1,0,0,0,1,0,0
292,Zak Ringelstein,ME,100.0,11,1,0,0,0,1,1,0,1,0,1,0,0,1,0,0,0,0,1,0,0,0,1,0,0
293,Abdul El-Sayed,MI,30.5,6,5,1,1,0,0,0,1,0,0,1,0,0,1,0,0,0,0,0,0,1,0,1,0,0
294,Gretchen Whitmer,MI,51.799999,6,2,4,1,0,0,1,0,0,1,1,0,0,1,0,0,1,0,1,0,0,0,1,0,0
295,Shri Thanedar,MI,17.700001,6,1,5,1,0,0,0,1,0,0,1,0,0,1,0,0,0,1,0,0,1,0,1,0,0
296,Frank Accavitti Jr.,MI,32.0,12,0,0,0,1,0,0,0,0,1,1,0,0,1,0,0,1,0,1,0,0,0,1,0,0
297,Kimberly Bizon,MI,41.099998,12,0,0,0,1,0,1,0,0,1,1,0,0,1,0,0,0,0,1,0,0,0,1,0,0
298,Michael McCarthy (Michigan),MI,26.9,12,0,0,0,1,0,0,0,1,0,0,1,0,0,1,0,0,0,0,1,0,0,1,0,0
299,Fayrouz Saad,MI,19.5,11,1,0,0,1,0,0,1,0,0,1,0,0,1,0,0,0,0,1,0,0,1,1,0,0
300,Haley Stevens,MI,27.0,11,0,1,0,1,0,1,0,0,1,1,0,0,1,0,0,0,0,1,0,0,1,1,0,0
301,Nancy Skinner,MI,10.4,11,0,1,0,1,0,0,0,0,1,1,0,0,1,0,0,0,0,1,0,0,0,1,0,0
302,Suneel Gupta,MI,21.299999,11,0,1,0,1,0,0,1,0,0,1,0,0,1,0,0,0,0,0,0,1,0,1,0,0
303,Tim Greimel,MI,21.799999,11,0,1,0,1,0,0,0,0,1,1,0,0,1,0,0,1,0,1,0,0,0,1,0,0
304,Bill Wild,MI,14.0,9,0,3,0,1,0,0,0,0,1,1,0,0,1,0,0,1,0,1,0,0,0,1,0,0
305,Bill Wild,MI,15.2,9,0,3,0,1,0,0,0,0,1,1,0,0,1,0,0,1,0,1,0,0,0,1,0,0
306,Brenda Jones,MI,37.700001,9,0,3,0,1,0,1,1,0,0,1,0,0,1,0,0,1,0,1,0,0,0,1,0,0
307,Brenda Jones,MI,29.200001,9,0,3,0,1,0,0,1,0,0,1,0,0,1,0,0,1,0,1,0,0,0,1,0,0
308,Coleman Young II,MI,12.0,9,0,3,0,1,0,0,1,0,0,1,0,0,1,0,0,1,0,1,0,0,0,1,0,0
309,Ian Conyers,MI,6.3000002,9,0,3,0,1,0,0,1,0,0,1,0,0,1,0,0,1,0,1,0,0,0,1,0,0
310,Ian Conyers,MI,11.2,9,0,3,0,1,0,0,1,0,0,1,0,0,1,0,0,1,0,1,0,0,0,1,0,0
311,Rashida Tlaib,MI,33.200001,8,3,1,0,1,0,1,1,0,0,1,0,0,1,0,0,1,0,1,0,0,1,1,0,0
312,Rashida Tlaib,MI,35.900002,8,3,1,0,1,0,0,1,0,0,1,0,0,1,0,0,1,0,1,0,0,1,1,0,0
313,Shanelle Jackson,MI,5.3000002,9,0,3,0,1,0,0,1,0,0,1,0,0,1,0,0,1,0,1,0,0,0,1,0,0
314,Rob Davidson,MI,100.0,8,4,0,0,1,0,1,0,0,1,1,0,0,1,0,0,0,0,0,0,1,0,1,0,0
315,Cathy Albro,MI,68.199997,11,1,0,0,1,0,1,0,0,1,1,0,0,1,0,0,0,0,1,0,0,0,1,0,0
316,Fred Wooden,MI,31.799999,12,0,0,0,1,0,0,0,0,1,1,0,0,1,0,0,0,0,1,0,0,0,1,0,0
317,Jerry Hilliard,MI,66.400002,12,0,0,0,1,0,1,0,0,1,1,0,0,1,0,0,0,0,1,0,0,0,1,0,0
318,Zigmond Kozicki,MI,33.599998,12,0,0,0,1,0,0,0,0,1,1,0,0,1,0,0,0,0,1,0,0,0,1,0,0
319,David Benac,MI,21.700001,9,3,0,0,1,0,0,0,0,1,1,0,0,1,0,0,0,0,1,0,0,0,1,0,0
320,George Franklin,MI,28.1,9,1,2,0,1,0,0,0,0,1,1,0,0,1,0,0,0,0,1,0,0,0,1,0,0
321,Matt Longjohn,MI,37.299999,9,1,2,0,1,0,1,0,0,1,1,0,0,1,0,0,0,0,0,0,1,0,1,0,0
322,Rich Eichholz,MI,13.0,9,1,2,0,1,0,0,0,0,1,1,0,0,1,0,0,0,0,0,0,1,0,1,0,0
323,Gretchen Driskell,MI,85.199997,10,1,1,0,1,0,1,0,0,1,1,0,0,1,0,0,1,0,1,0,0,0,0,0,1
324,Steven Friday,MI,14.8,10,1,1,0,1,0,0,0,0,1,0,0,1,1,0,0,0,0,1,0,0,0,0,1,0
325,Chris Smith,MI,29.1,10,0,2,0,1,0,0,0,0,1,1,0,0,1,0,0,0,0,1,0,0,0,1,0,0
326,Elissa Slotkin,MI,70.900002,10,2,0,0,1,0,1,0,0,1,1,0,0,1,0,0,0,0,1,0,0,1,1,0,0
327,Andy Levin,MI,52.5,10,1,1,0,1,0,1,0,0,1,1,0,0,1,0,0,0,0,1,0,0,0,1,0,0
328,Ellen Lipton,MI,42.400002,10,2,0,0,1,0,0,0,0,1,1,0,0,1,0,0,1,0,0,0,1,0,1,0,0
329,Martin Brook,MI,5.0999999,10,1,1,0,1,0,0,0,0,1,1,0,0,1,0,0,0,0,1,0,0,0,1,0,0
330,Bill Haas,MO,19.5,11,0,1,0,1,0,0,0,0,1,1,0,0,1,0,0,1,0,1,0,0,0,1,0,0
331,Cort VanOstran,MO,41.700001,10,1,1,0,1,0,1,0,0,1,1,0,0,1,0,0,0,0,1,0,0,0,1,0,0
332,John Messmer,MO,9.6999998,10,1,1,0,1,0,0,0,0,1,1,0,0,1,0,0,0,0,1,0,0,0,1,0,0
333,Mark Osmack,MO,25.200001,10,2,0,0,1,0,0,0,0,1,0,0,1,1,0,0,0,0,1,0,0,0,1,0,0
334,Robert Hazel,MO,4.0,11,0,1,0,1,0,0,0,0,1,1,0,0,1,0,0,0,0,1,0,0,0,1,0,0
335,Katy Geppert,MO,100.0,11,1,0,0,1,0,1,0,0,1,1,0,0,1,0,0,0,0,0,0,1,0,1,0,0
336,Hallie Thompson,MO,48.099998,11,1,0,0,1,0,0,0,0,1,1,0,0,1,0,0,0,0,0,0,1,0,1,0,0
337,Renee Hoagenson,MO,51.900002,12,0,0,0,1,0,1,0,0,1,1,0,0,1,0,0,0,0,1,0,0,0,1,0,0
338,Ed Andres,MO,27.700001,11,0,1,0,1,0,0,0,1,0,0,1,0,0,1,0,0,0,0,1,0,0,1,0,0
339,Henry Martin,MO,41.5,11,0,1,0,1,0,1,1,0,0,0,0,1,1,0,0,0,0,1,0,0,0,1,0,0
340,Winston Apple,MO,30.799999,11,1,0,0,1,0,0,0,0,1,1,0,0,1,0,0,0,0,1,0,0,0,1,0,0
341,Jamie Schoolcraft,MO,40.599998,10,2,0,0,1,0,1,0,0,1,0,0,1,1,0,0,1,0,0,0,1,0,1,0,0
342,John Farmer de la Torre,MO,21.700001,10,0,2,0,1,0,0,1,0,0,1,0,0,1,0,0,0,0,1,0,0,0,1,0,0
343,Kenneth Hatfield,MO,22.299999,10,0,2,0,1,0,0,0,1,0,0,1,0,0,1,0,0,0,0,1,0,0,1,0,0
344,Vincent Jennings,MO,15.4,10,1,1,0,1,0,0,0,1,0,0,1,0,0,1,0,0,0,0,1,0,0,1,0,0
345,Kathy Ellis,MO,100.0,12,0,0,0,1,0,1,0,0,1,1,0,0,1,0,0,0,0,1,0,0,0,1,0,0
346,Randy Wadkins,MS,100.0,12,0,0,0,1,0,1,0,1,0,1,0,0,1,0,0,0,0,0,0,1,0,1,0,0
347,Michael Aycox,MS,30.66,12,0,0,0,1,0,0,0,1,0,0,0,1,0,0,1,0,0,1,0,0,0,1,0,0
348,Michael Evans,MS,69.339996,12,0,0,0,1,0,1,0,1,0,1,0,0,1,0,0,1,0,1,0,0,0,1,0,0
349,Jeramey Anderson,MS,100.0,11,1,0,0,1,0,1,1,0,0,1,0,0,1,0,0,1,0,1,0,0,0,1,0,0
350,David Baria,MS,30.98,12,0,0,0,0,1,1,0,0,1,1,0,0,1,0,0,1,0,1,0,0,0,1,0,0
351,Howard Sherman,MS,31.790001,12,0,0,0,0,1,1,0,0,1,1,0,0,1,0,0,0,0,1,0,0,0,1,0,0
352,Jensen Bohren,MS,3.21,12,0,0,0,0,1,0,0,1,0,1,0,0,1,0,0,0,0,1,0,0,0,1,0,0
353,Jerone Garland,MS,4.8499999,12,0,0,0,0,1,0,1,0,0,1,0,0,1,0,0,0,0,0,0,1,0,1,0,0
354,Omeria Scott,MS,24.200001,12,0,0,0,0,1,0,1,0,0,1,0,0,1,0,0,1,0,1,0,0,0,1,0,0
355,Victor Maurice Jr.,MS,4.96,12,0,0,0,0,1,0,1,0,0,0,0,1,1,0,0,0,0,1,0,0,0,1,0,0
356,Grant Kier,MT,24.15,9,0,3,0,1,0,0,0,1,0,1,0,0,1,0,0,0,0,0,0,1,0,1,0,0
357,Jared Pettinato,MT,2.21,9,0,3,0,1,0,0,0,1,0,1,0,0,1,0,0,0,0,1,0,0,0,1,0,0
358,John Heenan,MT,31.709999,9,2,1,0,1,0,0,0,1,0,1,0,0,1,0,0,0,1,1,0,0,0,1,0,0
359,John Meyer,MT,3.3399998999999996,9,1,2,0,1,0,0,0,1,0,1,0,0,1,0,0,0,0,0,0,1,0,1,0,0
360,Kathleen Williams,MT,33.52,9,1,2,0,1,0,1,0,1,0,1,0,0,1,0,0,1,0,1,0,0,0,1,0,0
361,Lynda Moss,MT,5.0599999,9,0,3,0,1,0,0,0,1,0,1,0,0,1,0,0,1,0,1,0,0,0,1,0,0
362,David Wilson Brown,NC,100.0,11,1,0,0,1,0,1,0,0,1,1,0,0,1,0,0,0,0,1,0,0,0,1,0,0
363,Phillip Price,NC,40.59,11,1,0,0,1,0,1,0,0,1,1,0,0,1,0,0,0,0,1,0,0,0,1,0,0
364,Scott Donaldson,NC,28.27,11,0,1,0,1,0,0,0,0,1,1,0,0,1,0,0,0,0,0,0,1,0,1,0,0
365,Steve Woodsmall,NC,31.139999,11,0,1,0,1,0,0,0,0,1,0,0,1,1,0,0,0,0,1,0,0,0,1,0,0
366,Adam Coker,NC,29.860001,10,1,1,0,1,0,0,0,0,1,1,0,0,1,0,0,0,0,1,0,0,0,0,1,0
367,Kathy Manning,NC,70.139999,10,1,1,0,1,0,1,0,0,1,1,0,0,1,0,0,0,0,1,0,0,0,0,0,1
368,Ken Romley,NC,32.299999,11,1,0,0,1,0,0,0,0,1,1,0,0,1,0,0,0,1,0,0,1,0,1,0,0
369,Linda Coleman,NC,56.0,11,1,0,0,1,0,1,1,0,0,1,0,0,1,0,0,1,0,1,0,0,0,1,0,0
370,Wendy May,NC,11.7,11,1,0,0,1,0,0,0,0,1,0,0,1,0,0,1,0,0,1,0,0,0,1,0,0
371,Denise Adams,NC,54.400002,9,1,2,0,1,0,1,1,0,0,1,0,0,1,0,0,1,0,1,0,0,0,1,0,0
372,Jenny Marshall,NC,45.599998,9,2,1,0,1,0,0,0,0,1,1,0,0,1,0,0,0,0,1,0,0,0,1,0,0
373,Gerald Wong,NC,22.799999,10,0,2,0,1,0,0,1,0,0,1,0,0,1,0,0,0,0,1,0,0,0,1,0,0
374,Ryan Watts,NC,77.199997,10,2,0,0,1,0,1,0,0,1,1,0,0,1,0,0,0,0,1,0,0,0,1,0,0
375,Grayson Parker,NC,33.0,11,0,1,0,1,0,0,0,0,1,1,0,0,1,0,0,0,0,0,0,1,0,1,0,0
376,Kyle Horton,NC,67.0,11,1,0,0,1,0,1,0,0,1,1,0,0,1,0,0,0,0,0,0,1,0,1,0,0
377,Frank McNeill,NC,56.099998,11,0,1,0,1,0,1,0,0,1,1,0,0,1,0,0,0,0,1,0,0,0,1,0,0
378,Marc Tiegel,NC,20.9,11,1,0,0,1,0,0,0,0,1,1,0,0,1,0,0,0,0,1,0,0,0,1,0,0
379,Scott Huffman,NC,23.0,11,1,0,0,1,0,0,0,0,1,0,0,1,1,0,0,0,0,1,0,0,0,1,0,0
380,Christian Cano,NC,17.200001,10,0,2,0,1,0,0,1,0,0,1,0,0,0,0,1,0,0,1,0,0,0,0,1,0
381,Dan McCready,NC,82.800003,10,2,0,0,1,0,1,0,0,1,0,0,1,1,0,0,0,0,1,0,0,0,0,0,1
382,Mac Schneider,ND,100.0,12,0,0,0,1,0,1,0,1,0,1,0,0,1,0,0,1,0,1,0,0,0,1,0,0
383,Bob Krist,NE,59.810001,11,0,1,1,0,0,1,0,0,1,0,0,1,1,0,0,1,0,1,0,0,0,1,0,0
384,Tyler Davis,NE,11.39,11,0,1,1,0,0,0,0,0,1,1,0,0,1,0,0,0,0,1,0,0,0,1,0,0
385,Vanessa Ward,NE,28.799999,11,0,1,1,0,0,0,1,0,0,1,0,0,1,0,0,0,0,1,0,0,0,1,0,0
386,Dennis Crawford,NE,33.900002,10,1,1,0,1,0,0,0,1,0,1,0,0,1,0,0,0,0,1,0,0,0,1,0,0
387,Jessica McClure,NE,66.099998,10,1,1,0,1,0,1,0,1,0,1,0,0,1,0,0,0,0,0,0,1,0,1,0,0
388,Brad Ashford,NE,48.360001000000004,8,1,3,0,1,0,0,0,1,0,1,0,0,1,0,0,1,0,1,0,0,0,0,0,1
389,Kara Eastman,NE,51.639998999999996,8,4,0,0,1,0,1,0,1,0,1,0,0,1,0,0,0,0,1,0,0,0,0,1,0
390,Paul Theobald,NE,100.0,12,0,0,0,1,0,1,0,1,0,1,0,0,1,0,0,0,0,1,0,0,0,1,0,0
391,Chris Janicek,NE,20.219998999999998,12,0,0,0,0,1,0,0,1,0,1,0,0,1,0,0,0,0,1,0,0,0,1,0,0
392,Frank Svoboda,NE,11.37,12,0,0,0,0,1,0,0,1,0,0,0,1,1,0,0,1,0,1,0,0,0,1,0,0
393,Jane Raybould,NE,63.68,12,0,0,0,0,1,1,0,1,0,1,0,0,1,0,0,1,0,1,0,0,0,1,0,0
394,Larry Marvin,NE,4.7399998,12,0,0,0,0,1,0,0,1,0,0,0,1,1,0,0,0,0,1,0,0,0,1,0,0
395,Alison Heslin,NJ,2.7,9,0,3,0,1,0,0,0,1,0,1,0,0,1,0,0,0,0,0,0,1,0,0,1,0
396,Mark Washburne,NJ,3.4000001,9,0,3,0,1,0,0,0,1,0,1,0,0,1,0,0,0,0,1,0,0,0,0,1,0
397,Mikie Sherrill,NJ,77.5,9,3,0,0,1,0,1,0,1,0,0,0,1,1,0,0,0,0,1,0,0,0,0,0,1
398,Mitchell Cobert,NJ,1.9,9,0,3,0,1,0,0,0,1,0,1,0,0,1,0,0,0,0,1,0,0,0,0,1,0
399,Tamara Harris,NJ,14.5,9,0,3,0,1,0,0,1,0,0,1,0,0,1,0,0,0,1,1,0,0,0,0,1,0
400,Jeff Van Drew,NJ,55.400002,11,0,1,0,1,0,1,0,0,1,1,0,0,1,0,0,1,0,1,0,0,0,0,0,1
401,Nathan Kleinman,NJ,8.6000004,11,0,1,0,1,0,0,0,1,0,1,0,0,1,0,0,0,0,1,0,0,0,0,1,0
402,Tanzie Youngblood,NJ,19.200001,11,1,0,0,1,0,0,1,0,0,1,0,0,1,0,0,0,0,1,0,0,0,0,1,0
403,Will Cunningham,NJ,16.799999,11,0,1,0,1,0,0,1,0,0,1,0,0,0,0,1,0,0,1,0,0,0,0,1,0
404,Andrew Kim,NJ,100.0,9,3,0,0,1,0,1,1,0,0,1,0,0,1,0,0,0,0,1,0,0,1,0,0,1
405,Jim Keady,NJ,42.799999,10,2,0,0,1,0,0,0,0,1,1,0,0,1,0,0,1,0,1,0,0,0,1,0,0
406,Josh Welle,NJ,57.200001,10,0,2,0,1,0,1,0,1,0,0,0,1,1,0,0,0,0,1,0,0,0,1,0,0
407,Goutam Jois,NJ,14.1,9,0,3,0,1,0,0,1,0,0,1,0,0,1,0,0,0,0,1,0,0,0,0,1,0
408,Peter Jacob,NJ,19.1,9,2,1,0,1,0,0,1,0,0,1,0,0,1,0,0,0,0,1,0,0,0,0,1,0
409,Tom Malinowski,NJ,66.800003,9,1,2,0,1,0,1,0,1,0,1,0,0,1,0,0,0,0,1,0,0,1,0,0,1
410,Jeff Apodaca,NM,22.16,11,0,1,1,0,0,0,1,0,0,1,0,0,1,0,0,0,1,1,0,0,0,1,0,0
411,Joseph Cervantes,NM,11.47,11,0,1,1,0,0,0,1,0,0,1,0,0,1,0,0,1,1,1,0,0,0,1,0,0
412,Michelle Lujan Grisham,NM,66.379997,11,1,0,1,0,0,1,1,0,0,1,0,0,1,0,0,1,0,1,0,0,0,1,0,0
413,Antoinette Sedillo Lopez,NM,20.610001,4,3,5,0,1,0,0,1,0,0,1,0,0,1,0,0,0,0,1,0,0,0,1,0,0
414,Damian Lara,NM,3.29,4,0,8,0,1,0,0,1,0,0,1,0,0,1,0,0,0,0,1,0,0,0,1,0,0
415,Damon Martinez,NM,25.809998999999998,4,2,6,0,1,0,0,1,0,0,0,0,1,1,0,0,0,0,1,0,0,0,1,0,0
416,Debra Haaland,NM,40.59,4,2,6,0,1,0,1,1,0,0,1,0,0,1,0,0,0,0,1,0,0,1,1,0,0
417,Patrick Davis,NM,3.8,4,1,7,0,1,0,0,0,0,1,1,0,0,0,0,1,1,0,1,0,0,0,1,0,0
418,Paul Moya,NM,5.8899999,4,0,8,0,1,0,0,1,0,0,1,0,0,1,0,0,0,0,1,0,0,0,1,0,0
419,Madeline Hildebrandt,NM,27.379998999999998,10,1,1,0,1,0,0,0,1,0,0,0,1,1,0,0,0,0,1,0,0,0,0,1,0
420,Xochitl Torres Small,NM,72.620003,10,1,1,0,1,0,1,1,0,0,1,0,0,1,0,0,0,0,1,0,0,0,0,0,1
421,Asheesh Dewan,NV,1.01,9,0,3,1,0,0,0,1,0,0,1,0,0,1,0,0,0,0,1,0,0,0,1,0,0
422,Chris Giunchigliani,NV,38.860001000000004,9,3,0,1,0,0,0,0,1,0,1,0,0,1,0,0,1,0,1,0,0,0,1,0,0
423,David Jones,NV,1.73,9,0,3,1,0,0,0,0,1,0,1,0,0,1,0,0,0,0,1,0,0,0,1,0,0
424,Henry Thorns,NV,1.9,9,0,3,1,0,0,0,1,0,0,1,0,0,1,0,0,0,0,0,0,1,0,1,0,0
425,John Bonaventura,NV,2.99,9,0,3,1,0,0,0,0,1,0,1,0,0,1,0,0,1,0,1,0,0,0,1,0,0
426,Steve Sisolak,NV,50.029999,9,1,2,1,0,0,1,0,1,0,1,0,0,1,0,0,1,0,1,0,0,0,1,0,0
427,Clint Koble,NV,26.129998999999998,10,1,1,0,1,0,1,0,1,0,1,0,0,1,0,0,0,0,1,0,0,0,1,0,0
428,Jack Schofield Jr.,NV,7.5,10,0,2,0,1,0,0,0,1,0,1,0,0,1,0,0,0,0,1,0,0,0,1,0,0
429,Jesse Hurley,NV,8.04,10,0,2,0,1,0,0,0,1,0,1,0,0,1,0,0,0,0,1,0,0,0,1,0,0
430,Patrick Fogarty,NV,23.83,10,2,0,0,1,0,0,0,1,0,1,0,0,1,0,0,0,0,0,0,1,0,1,0,0
431,Rick Shepherd,NV,21.280001000000002,10,1,1,0,1,0,0,0,1,0,1,0,0,1,0,0,0,0,0,0,1,0,1,0,0
432,Vance Alm,NV,13.22,10,0,2,0,1,0,0,0,1,0,0,0,1,1,0,0,0,0,1,0,0,0,1,0,0
433,Eric Stoltz,NV,7.2399998,9,0,3,0,1,0,0,0,1,0,1,0,0,1,0,0,0,0,1,0,0,0,0,1,0
434,Guy Pinjuv,NV,3.5,9,0,3,0,1,0,0,0,1,0,1,0,0,1,0,0,0,0,0,0,1,0,0,1,0
435,Jack Love,NV,5.8000002,9,0,3,0,1,0,0,0,1,0,1,0,0,1,0,0,0,0,1,0,0,0,0,1,0
436,Michael Weiss,NV,8.1800003,9,0,3,0,1,0,0,0,1,0,1,0,0,1,0,0,0,0,0,0,1,0,0,1,0
437,Richard Hart,NV,4.8499999,9,0,3,0,1,0,0,0,1,0,1,0,0,1,0,0,0,0,1,0,0,0,0,1,0
438,Steve Schiffman,NV,3.51,9,0,3,0,1,0,0,0,1,0,1,0,0,1,0,0,0,0,1,0,0,0,0,1,0
439,Susie Lee,NV,66.910004,9,3,0,0,1,0,1,0,1,0,1,0,0,1,0,0,0,0,1,0,0,0,0,0,1
440,Allison Stephens,NV,6.02,6,0,6,0,1,0,0,1,0,0,1,0,0,1,0,0,1,0,1,0,0,0,0,1,0
441,Amy Vilela,NV,9.1999998,6,4,2,0,1,0,0,0,1,0,1,0,0,1,0,0,0,0,1,0,0,0,0,1,0
442,John Anzalone,NV,5.8000002,8,1,3,0,1,0,0,0,1,0,1,0,0,1,0,0,0,0,1,0,0,0,0,1,0
443,Patricia Spearman,NV,15.24,6,2,4,0,1,0,0,1,0,0,0,0,1,0,0,1,1,0,1,0,0,0,0,1,0
444,Sid Zeller,NV,2.0,6,0,6,0,1,0,0,0,1,0,0,0,1,1,0,0,0,0,1,0,0,0,0,1,0
445,Steven Horsford,NV,61.740002000000004,8,2,2,0,1,0,1,1,0,0,1,0,0,1,0,0,1,0,1,0,0,0,0,0,1
446,Allen Rheinhart,NV,3.3299999,9,0,3,0,0,1,0,1,0,0,1,0,0,1,0,0,0,0,1,0,0,0,0,1,0
447,Bobby Mahendra,NV,2.6700001,9,0,3,0,0,1,0,1,0,0,1,0,0,1,0,0,0,0,1,0,0,0,0,1,0
448,Daniel Burleigh,NV,2.26,9,0,3,0,0,1,0,0,1,0,1,0,0,1,0,0,0,0,1,0,0,0,0,1,0
449,David Drew Knight,NV,4.4299998,9,0,3,0,0,1,0,0,1,0,1,0,0,1,0,0,0,0,1,0,0,0,0,1,0
450,Jacky Rosen,NV,77.110001,9,2,1,0,0,1,1,0,1,0,1,0,0,1,0,0,1,0,0,0,1,0,0,0,1
451,Jesse Sbaih,NV,3.1700001,9,1,2,0,0,1,0,1,0,0,1,0,0,1,0,0,0,1,1,0,0,0,0,1,0
452,David Pechefsky,NY,11.9,12,0,0,0,1,0,0,0,1,0,1,0,0,1,0,0,0,0,1,0,0,0,1,0,0
453,Elaine DiMasi,NY,5.920000099999999,12,0,0,0,1,0,0,0,1,0,1,0,0,1,0,0,0,0,0,0,1,0,1,0,0
454,Kate Browning,NY,30.32,12,0,0,0,1,0,0,0,0,1,1,0,0,1,0,0,1,0,1,0,0,0,1,0,0
455,Perry Gershon,NY,35.450001,12,0,0,0,1,0,1,0,1,0,1,0,0,1,0,0,0,1,0,0,1,0,1,0,0
456,Vivian Viloria-Fisher,NY,16.26,12,0,0,0,1,0,0,1,0,0,1,0,0,1,0,0,1,0,1,0,0,0,1,0,0
457,Max Rose,NY,62.650002,10,2,0,0,1,0,1,0,1,0,0,0,1,1,0,0,0,0,1,0,0,0,0,0,1
458,Michael DeVito Jr.,NY,18.42,10,0,2,0,1,0,0,1,0,0,0,0,1,1,0,0,0,0,1,0,0,0,0,1,0
459,Omar Vaid,NY,8.430000300000001,10,0,2,0,1,0,0,1,0,0,1,0,0,1,0,0,0,0,1,0,0,0,0,1,0
460,Paul Sperling,NY,2.29,10,0,2,0,1,0,0,0,1,0,1,0,0,1,0,0,0,0,1,0,0,0,0,1,0
461,Radhakrishna Mohan,NY,3.78,10,0,2,0,1,0,0,1,0,0,1,0,0,1,0,0,0,0,0,0,1,0,0,1,0
462,Zach Emig,NY,1.26,10,0,2,0,1,0,0,0,1,0,1,0,0,1,0,0,0,0,1,0,0,0,0,1,0
463,Antonio Delgado,NY,21.99,7,1,4,0,1,0,1,1,0,0,1,0,0,1,0,0,0,0,1,0,0,0,1,0,0
464,Brian Flynn,NY,13.18,7,0,5,0,1,0,0,0,0,1,1,0,0,1,0,0,0,1,1,0,0,0,1,0,0
465,David Clegg,NY,11.08,7,1,4,0,1,0,0,0,1,0,1,0,0,1,0,0,0,1,1,0,0,0,1,0,0
466,Erin Collier,NY,4.8600001,7,2,3,0,1,0,0,0,1,0,1,0,0,1,0,0,0,0,1,0,0,0,1,0,0
467,Gareth Rhodes,NY,17.85,7,1,4,0,1,0,0,0,1,0,1,0,0,1,0,0,0,0,1,0,0,0,1,0,0
468,Jeff Beals,NY,13.18,7,1,4,0,1,0,0,0,1,0,1,0,0,1,0,0,0,0,1,0,0,0,1,0,0
469,Pat Ryan,NY,17.719998999999998,7,2,3,0,1,0,0,0,1,0,0,0,1,1,0,0,0,0,1,0,0,0,1,0,0
470,DuWayne Gregory,NY,41.639998999999996,6,3,3,0,1,0,0,1,0,0,0,0,1,1,0,0,1,0,1,0,0,0,1,0,0
471,Liuba Grechen Shirley,NY,57.98,6,4,2,0,1,0,1,0,1,0,1,0,0,1,0,0,0,0,1,0,0,0,1,0,0
472,Dylan Ratigan,NY,11.91,7,0,5,0,1,0,0,0,1,0,1,0,0,1,0,0,0,0,1,0,0,0,1,0,0
473,Emily Martz,NY,10.37,7,0,5,0,1,0,0,0,1,0,1,0,0,1,0,0,0,0,1,0,0,0,1,0,0
474,Katie Wilson,NY,11.68,7,1,4,0,1,0,0,0,1,0,1,0,0,1,0,0,0,0,1,0,0,0,1,0,0
475,Patrick Nelson,NY,9.119999900000002,7,3,2,0,1,0,0,0,0,1,1,0,0,1,0,0,0,0,0,0,1,0,1,0,0
476,Tedra Cobb,NY,56.009997999999996,7,3,2,0,1,0,1,0,1,0,1,0,0,1,0,0,1,0,1,0,0,0,1,0,0
477,Anthony Brindisi,NY,100.0,10,1,1,0,1,0,1,0,1,0,1,0,0,1,0,0,1,0,1,0,0,0,0,0,1
478,Eddie Sundquist,NY,6.420000099999999,8,0,4,0,1,0,0,0,1,0,1,0,0,0,0,1,0,0,0,0,1,0,1,0,0
479,Ian Golden,NY,13.44,8,2,2,0,1,0,0,0,1,0,1,0,0,1,0,0,0,0,1,0,0,0,1,0,0
480,Linda Andrei,NY,15.33,8,0,4,0,1,0,0,0,1,0,1,0,0,1,0,0,0,0,0,0,1,0,1,0,0
481,Max Della Pia,NY,32.400002,8,0,4,0,1,0,0,0,1,0,0,0,1,1,0,0,0,0,1,0,0,0,1,0,0
482,Tracy Mitrano,NY,32.299999,8,2,2,0,1,0,1,0,1,0,1,0,0,1,0,0,0,0,1,0,0,0,1,0,0
483,Dana Balter,NY,62.380001,4,5,3,0,1,0,1,0,1,0,1,0,0,1,0,0,0,0,1,0,0,0,0,1,0
484,Juanita Perez Williams,NY,37.23,4,3,5,0,1,0,0,1,0,0,0,0,1,1,0,0,0,0,1,0,0,0,0,0,1
485,Adam McFadden,NY,17.450001,9,0,3,0,1,0,0,1,0,0,1,0,0,1,0,0,1,0,1,0,0,0,1,0,0
486,Joseph Morelle,NY,45.290001000000004,9,2,1,0,1,0,1,0,1,0,1,0,0,1,0,0,1,0,1,0,0,0,1,0,0
487,Rachel Barnhart,NY,19.77,9,1,2,0,1,0,0,0,1,0,1,0,0,1,0,0,0,0,1,0,0,0,1,0,0
488,Robin Wilt,NY,17.35,9,2,1,0,1,0,0,1,0,0,1,0,0,1,0,0,1,0,1,0,0,0,1,0,0
489,Nate McMurray,NY,100.0,11,1,0,0,1,0,1,0,0,1,1,0,0,1,0,0,1,0,1,0,0,0,1,0,0
490,Dennis J. Kucinich,OH,22.98,9,1,2,1,0,0,0,0,0,1,1,0,0,1,0,0,1,0,1,0,0,0,1,0,0
491,Joseph Schiavoni,OH,9.1700001,9,1,2,1,0,0,0,0,1,0,1,0,0,1,0,0,1,0,1,0,0,0,1,0,0
492,Larry Ealy,OH,1.02,9,0,3,1,0,0,0,1,0,0,1,0,0,1,0,0,0,0,1,0,0,0,1,0,0
493,Paul Ray,OH,1.38,9,0,3,1,0,0,0,0,1,0,1,0,0,1,0,0,0,0,1,0,0,0,1,0,0
494,Richard Cordray,OH,62.16,9,2,1,1,0,0,1,0,0,1,1,0,0,1,0,0,1,0,1,0,0,1,1,0,0
495,William O'Neill,OH,3.29,9,0,3,1,0,0,0,0,0,1,0,0,1,1,0,0,1,0,1,0,0,0,1,0,0
496,Aftab Pureval,OH,100.0,12,0,0,0,1,0,1,1,0,0,1,0,0,1,0,0,1,0,1,0,0,0,0,0,1
497,Michael Milisits,OH,7.400000099999999,12,0,0,0,1,0,0,0,1,0,1,0,0,1,0,0,0,0,1,0,0,0,1,0,0
498,Robert Klepinger,OH,25.6,12,0,0,0,1,0,0,0,1,0,1,0,0,1,0,0,0,0,0,0,1,0,1,0,0
499,Theresa Gasper,OH,67.019997,12,0,0,0,1,0,1,0,1,0,1,0,0,1,0,0,0,0,1,0,0,0,1,0,0
500,Danny O'Connor,OH,40.939999,9,2,1,0,1,0,1,0,1,0,1,0,0,1,0,0,1,0,1,0,0,0,1,0,0
501,Danny O'Connor,OH,40.52,9,2,1,0,1,0,1,0,1,0,1,0,0,1,0,0,1,0,1,0,0,0,1,0,0
502,Doug Wilson,OH,3.74,9,0,3,0,1,0,0,0,1,0,1,0,0,1,0,0,1,0,1,0,0,0,1,0,0
503,Doug Wilson,OH,3.9400001000000002,9,0,3,0,1,0,0,0,1,0,1,0,0,1,0,0,1,0,1,0,0,0,1,0,0
504,Ed Albertson,OH,7.860000099999999,9,0,3,0,1,0,0,0,1,0,0,0,1,1,0,0,0,0,1,0,0,0,1,0,0
505,Ed Albertson,OH,8.0799999,9,0,3,0,1,0,0,0,1,0,0,0,1,1,0,0,0,0,1,0,0,0,1,0,0
506,Jackie Patton,OH,14.02,9,1,2,0,1,0,0,0,1,0,1,0,0,1,0,0,0,0,1,0,0,0,1,0,0
507,Jackie Patton,OH,13.58,9,1,2,0,1,0,0,0,1,0,1,0,0,1,0,0,0,0,1,0,0,0,1,0,0
508,John Peters,OH,1.49,9,0,3,0,1,0,0,0,1,0,1,0,0,1,0,0,0,0,1,0,0,0,1,0,0
509,John Russell,OH,16.700001,9,2,1,0,1,0,0,0,1,0,1,0,0,1,0,0,0,0,1,0,0,0,1,0,0
510,John Russell,OH,16.27,9,2,1,0,1,0,0,0,1,0,1,0,0,1,0,0,0,0,1,0,0,0,1,0,0
511,Zach Scott,OH,16.1,9,0,3,0,1,0,0,0,1,0,1,0,0,1,0,0,1,0,1,0,0,0,1,0,0
512,Zach Scott,OH,16.76,9,0,3,0,1,0,0,0,1,0,1,0,0,1,0,0,1,0,1,0,0,0,1,0,0
513,Betsy Rader,OH,100.0,11,1,0,0,1,0,1,0,1,0,1,0,0,1,0,0,0,0,1,0,0,0,0,0,1
514,Rick Neal,OH,63.540001000000004,11,1,0,0,1,0,1,0,1,0,1,0,0,0,0,1,0,0,1,0,0,0,1,0,0
515,Rob Jarvis,OH,36.459998999999996,11,0,1,0,1,0,0,0,1,0,1,0,0,1,0,0,0,0,1,0,0,0,1,0,0
516,Aaron Godfrey,OH,7.9099998,10,2,0,0,1,0,0,0,1,0,1,0,0,1,0,0,0,0,0,0,1,0,1,0,0
517,Grant Goodrich,OH,28.059998999999998,10,1,1,0,1,0,0,0,1,0,0,0,1,1,0,0,0,0,1,0,0,0,1,0,0
518,John Wilson,OH,4.48,10,0,2,0,1,0,0,0,1,0,1,0,0,1,0,0,0,0,1,0,0,0,1,0,0
519,Mark Dent,OH,9.380000099999998,10,0,2,0,1,0,0,0,1,0,0,0,1,1,0,0,0,0,1,0,0,0,1,0,0
520,Susan Moran Palmer,OH,34.630001,10,1,1,0,1,0,1,0,1,0,1,0,0,1,0,0,0,0,1,0,0,0,1,0,0
521,TJ Mulloy,OH,15.54,10,0,2,0,1,0,0,0,0,1,1,0,0,1,0,0,0,0,1,0,0,0,1,0,0
522,Janet Everhard,OH,34.400002,11,1,0,0,1,0,0,0,1,0,1,0,0,1,0,0,0,0,1,0,0,0,1,0,0
523,Jill Schiller,OH,54.200001,11,1,0,0,1,0,1,0,1,0,1,0,0,1,0,0,0,0,1,0,0,1,1,0,0
524,William Smith,OH,11.4,11,0,1,0,1,0,0,0,1,0,1,0,0,1,0,0,0,0,1,0,0,0,1,0,0
525,Cody James Slatzer-Rose,OH,16.15,11,0,1,0,1,0,0,0,1,0,1,0,0,1,0,0,0,0,0,0,1,0,1,0,0
526,Janet Garrett,OH,83.849998,11,1,0,0,1,0,1,0,1,0,1,0,0,1,0,0,0,0,1,0,0,0,1,0,0
527,James Neu Jr.,OH,26.700001,11,1,0,0,1,0,0,0,1,0,1,0,0,1,0,0,0,0,1,0,0,0,1,0,0
528,John Michael Galbraith,OH,73.199997,11,0,1,0,1,0,1,0,1,0,1,0,0,1,0,0,0,0,1,0,0,0,1,0,0
529,Shawna Roberts,OH,74.5,11,1,0,0,1,0,1,0,1,0,1,0,0,1,0,0,0,0,1,0,0,0,1,0,0
530,Werner Lange,OH,25.5,11,0,1,0,1,0,0,0,1,0,1,0,0,1,0,0,0,0,1,0,0,0,1,0,0
531,Ken Harbaugh,OH,80.199997,10,1,1,0,1,0,1,0,1,0,0,0,1,1,0,0,0,0,1,0,0,0,0,0,1
532,Patrick Pikus,OH,19.799999,10,0,2,0,1,0,0,0,1,0,1,0,0,1,0,0,0,0,1,0,0,0,0,1,0
533,Bill Ebben,OH,12.18,11,0,1,0,1,0,0,0,1,0,0,0,1,1,0,0,0,0,1,0,0,0,1,0,0
534,Matthew Guyette,OH,13.63,11,0,1,0,1,0,0,0,1,0,1,0,0,0,0,1,0,0,1,0,0,0,1,0,0
535,Ted Jones,OH,16.280001000000002,11,0,1,0,1,0,0,0,1,0,1,0,0,1,0,0,0,0,1,0,0,0,1,0,0
536,Vanessa Enoch,OH,57.91,11,1,0,0,1,0,1,1,0,0,1,0,0,1,0,0,0,0,1,0,0,0,1,0,0
537,Constance Johnson,OK,38.619999,11,1,0,1,0,0,0,1,0,0,1,0,0,1,0,0,1,0,1,0,0,0,1,0,0
538,Drew Edmondson,OK,61.380001,11,0,1,1,0,0,1,0,0,1,0,0,1,1,0,0,1,0,1,0,0,0,1,0,0
539,Amanda Douglas,OK,32.41,11,1,0,0,1,0,1,0,1,0,1,0,0,1,0,0,0,0,1,0,0,0,1,0,0
540,David Matthew Hullum,OK,5.02,11,0,1,0,1,0,0,0,1,0,1,0,0,1,0,0,0,0,1,0,0,0,1,0,0
541,Gwendolyn Fields,OK,19.620001000000002,11,0,1,0,1,0,0,0,1,0,1,0,0,1,0,0,0,0,1,0,0,0,1,0,0
542,Mark Keeter,OK,8.46,11,0,1,0,1,0,0,0,1,0,1,0,0,1,0,0,0,0,1,0,0,0,1,0,0
543,Tim Gilpin,OK,34.48,11,0,1,0,1,0,1,0,1,0,1,0,0,1,0,0,0,0,1,0,0,0,1,0,0
544,Clay Padgett,OK,24.23,12,0,0,0,1,0,1,0,1,0,0,0,1,1,0,0,0,0,1,0,0,0,1,0,0
545,Elijah McIntosh,OK,19.02,12,0,0,0,1,0,0,1,0,0,0,0,1,1,0,0,0,0,1,0,0,0,1,0,0
546,Jason Nichols,OK,37.880001,12,0,0,0,1,0,1,1,0,0,1,0,0,1,0,0,1,0,0,0,1,0,1,0,0
547,Virginia Jenner,OK,18.860001,12,0,0,0,1,0,0,0,1,0,1,0,0,1,0,0,0,0,1,0,0,0,1,0,0
548,Frankie Robbins,OK,64.839996,12,0,0,0,1,0,1,0,1,0,1,0,0,1,0,0,0,0,0,0,1,0,1,0,0
549,Murray Thibodeaux,OK,35.16,12,0,0,0,1,0,0,0,1,0,1,0,0,1,0,0,0,0,0,0,1,0,1,0,0
550,Fred Gipson,OK,30.360001,12,0,0,0,1,0,1,0,1,0,0,0,1,1,0,0,1,0,1,0,0,0,1,0,0
551,Mallory Varner,OK,18.610001,12,0,0,0,1,0,0,0,1,0,1,0,0,1,0,0,0,0,1,0,0,0,1,0,0
552,Mary Brannon,OK,34.360001000000004,12,0,0,0,1,0,1,0,1,0,1,0,0,1,0,0,0,0,1,0,0,0,1,0,0
553,Roxann Klutts,OK,16.67,12,0,0,0,1,0,0,0,1,0,1,0,0,1,0,0,0,0,1,0,0,0,1,0,0
554,Eddie Porter,OK,10.63,12,0,0,0,1,0,0,0,1,0,1,0,0,1,0,0,0,0,1,0,0,0,1,0,0
555,Elysabeth Britt,OK,13.51,12,0,0,0,1,0,0,0,1,0,0,0,1,0,0,1,0,0,1,0,0,0,1,0,0
556,Kendra Horn,OK,43.84,12,0,0,0,1,0,1,0,1,0,1,0,0,1,0,0,0,0,1,0,0,0,1,0,0
557,Leona Kelley-Leonard,OK,8.4200001,12,0,0,0,1,0,0,0,1,0,1,0,0,1,0,0,0,0,1,0,0,0,1,0,0
558,Tom Guild,OK,17.91,12,0,0,0,1,0,1,0,1,0,1,0,0,1,0,0,0,0,1,0,0,0,1,0,0
559,Tyson Todd Meade,OK,5.6900001,12,0,0,0,1,0,0,0,1,0,1,0,0,0,0,1,0,0,1,0,0,0,1,0,0
560,Eric Burnette,OR,4.619999900000001,10,2,0,0,1,0,0,0,1,0,1,0,0,1,0,0,0,0,1,0,0,0,1,0,0
561,Jamie McLeod-Skinner,OR,42.82,11,1,0,0,1,0,1,0,0,1,1,0,0,0,0,1,1,0,0,0,1,0,1,0,0
562,Jennifer Neahring,OR,23.68,12,0,0,0,1,0,0,1,0,0,1,0,0,1,0,0,0,0,1,0,0,0,1,0,0
563,Jim Crary,OR,11.44,12,0,0,0,1,0,0,0,1,0,0,0,1,1,0,0,0,0,1,0,0,0,1,0,0
564,Michael Byrne,OR,4.3000002,12,0,0,0,1,0,0,0,1,0,1,0,0,1,0,0,0,0,1,0,0,0,1,0,0
565,Raz Mason,OR,5.3000002,12,0,0,0,1,0,0,0,1,0,0,0,1,1,0,0,0,0,0,0,1,0,1,0,0
566,Timothy White,OR,5.8600001,12,0,0,0,1,0,0,0,1,0,1,0,0,1,0,0,0,0,1,0,0,0,1,0,0
567,Rachel Reddick,PA,35.330002,9,3,0,0,1,0,0,0,0,1,0,0,1,1,0,0,0,0,1,0,0,0,1,0,0
568,Scott Wallace,PA,56.48,11,1,0,0,1,0,1,0,0,1,1,0,0,1,0,0,0,1,1,0,0,0,1,0,0
569,Steve Bacher,PA,8.1899996,11,1,0,0,1,0,0,0,0,1,1,0,0,1,0,0,0,0,1,0,0,0,1,0,0
570,Alan Howe,PA,10.81,12,0,0,0,1,0,0,0,0,1,0,0,1,1,0,0,0,0,1,0,0,0,1,0,0
571,Eric Ding,PA,17.99,12,0,0,0,1,0,0,1,0,0,1,0,0,1,0,0,0,0,0,0,1,0,1,0,0
572,George Scott,PA,36.330002,12,0,0,0,1,0,1,0,0,1,0,0,1,1,0,0,0,0,1,0,0,0,1,0,0
573,Shavonnia Corbin-Johnson,PA,34.869999,11,1,0,0,1,0,0,1,0,0,1,0,0,1,0,0,0,0,1,0,0,1,1,0,0
574,Jessica King,PA,100.0,8,4,0,0,1,0,1,0,0,1,1,0,0,1,0,0,0,0,1,0,0,0,1,0,0
575,Judy Herschel,PA,49.610001000000004,12,0,0,0,1,0,0,0,0,1,1,0,0,1,0,0,0,0,1,0,0,0,1,0,0
576,Marc Friedenberg,PA,50.389998999999996,11,1,0,0,1,0,1,0,0,1,1,0,0,1,0,0,0,0,0,0,1,0,1,0,0
577,Brent Ottaway,PA,100.0,12,0,0,0,1,0,1,0,0,1,1,0,0,1,0,0,0,0,1,0,0,0,1,0,0
578,Adam Sedlock,PA,23.879998999999998,12,0,0,0,1,0,0,0,0,1,1,0,0,1,0,0,0,0,0,0,1,0,1,0,0
579,Bibiana Boerio,PA,43.200001,12,0,0,0,1,0,1,0,0,1,1,0,0,1,0,0,0,0,0,0,1,0,1,0,0
580,Robert Solomon,PA,19.040001,12,0,0,0,1,0,0,0,0,1,1,0,0,1,0,0,0,0,0,0,1,0,1,0,0
581,Tom Prigg,PA,13.89,12,0,0,0,1,0,0,0,0,1,0,0,1,1,0,0,0,0,0,0,1,0,1,0,0
582,Susan Boser,PA,74.559998,12,0,0,0,1,0,1,0,0,1,1,0,0,1,0,0,0,0,1,0,0,0,1,0,0
583,Wade Jodun,PA,25.440001000000002,12,0,0,0,1,0,0,0,0,1,1,0,0,1,0,0,0,0,0,0,1,0,1,0,0
584,Chris Rieger,PA,24.92,12,0,0,0,1,0,0,0,0,1,1,0,0,1,0,0,0,0,1,0,0,0,1,0,0
585,Robert Multari,PA,15.11,12,0,0,0,1,0,0,0,1,0,1,0,0,1,0,0,0,0,0,0,1,0,1,0,0
586,Ronald DiNicola,PA,59.970001,12,0,0,0,1,0,1,0,1,0,0,0,1,1,0,0,0,0,1,0,0,0,1,0,0
587,Joe Hoeffel,PA,10.96,12,0,0,0,1,0,0,0,0,1,1,0,0,1,0,0,1,0,1,0,0,0,1,0,0
588,Madeleine Dean,PA,72.559998,10,2,0,0,1,0,1,0,0,1,1,0,0,1,0,0,1,0,1,0,0,0,1,0,0
589,Shira Goodman,PA,16.49,12,0,0,0,1,0,0,0,0,1,1,0,0,1,0,0,0,0,1,0,0,0,1,0,0
590,Ashley Lunkenheimer,PA,15.31,12,0,0,0,1,0,0,0,0,1,1,0,0,0,0,1,0,0,1,0,0,0,1,0,0
591,Gregory Vitali,PA,9.430000300000001,12,0,0,0,1,0,0,0,0,1,1,0,0,1,0,0,1,0,1,0,0,0,1,0,0
592,Larry Arata,PA,1.52,12,0,0,0,1,0,0,0,0,1,1,0,0,1,0,0,0,0,1,0,0,0,1,0,0
593,Lindy Li,PA,6.98,12,0,0,0,1,0,0,1,0,0,1,0,0,1,0,0,0,0,1,0,0,0,1,0,0
594,Margo Davidson,PA,3.98,11,1,0,0,1,0,0,1,0,0,1,0,0,1,0,0,1,0,1,0,0,0,1,0,0
595,Mary Gay Scanlon,PA,28.370001000000002,12,0,0,0,1,0,1,0,0,1,1,0,0,1,0,0,1,0,1,0,0,0,1,0,0
596,Molly Sheehan,PA,10.24,10,2,0,0,1,0,0,0,0,1,1,0,0,1,0,0,0,0,0,0,1,0,1,0,0
597,Richard Lazer,PA,14.99,12,0,0,0,1,0,0,0,1,0,0,1,0,0,1,0,0,0,0,1,0,0,1,0,0
598,Thaddeus Kirkland,PA,3.99,12,0,0,0,1,0,0,1,0,0,1,0,0,1,0,0,1,0,1,0,0,0,1,0,0
599,Theresa Wright,PA,5.1900001,12,0,0,0,1,0,0,1,0,0,1,0,0,1,0,0,0,0,1,0,0,0,1,0,0
600,Chrissy Houlahan,PA,100.0,10,2,0,0,1,0,1,0,0,1,0,0,1,1,0,0,0,0,0,0,1,0,0,0,1
601,David Clark,PA,1.7,11,0,1,0,1,0,0,0,0,1,1,0,0,1,0,0,0,0,1,0,0,0,1,0,0
602,Greg Edwards,PA,25.43,7,4,1,0,1,0,0,1,0,0,1,0,0,1,0,0,0,0,1,0,0,0,1,0,0
603,John Morganelli,PA,30.15,11,1,0,0,1,0,0,0,0,1,1,0,0,1,0,0,1,0,1,0,0,0,1,0,0
604,Rick Daugherty,PA,3.8599998999999996,11,0,1,0,1,0,0,0,0,1,1,0,0,1,0,0,0,0,1,0,0,0,1,0,0
605,Roger Ruggles,PA,5.4099998,11,0,1,0,1,0,0,0,0,1,0,0,1,1,0,0,0,0,0,0,1,0,1,0,0
606,Susan Wild,PA,33.450001,10,1,1,0,1,0,1,0,0,1,1,0,0,1,0,0,0,0,1,0,0,0,1,0,0
607,Denny Wolff,PA,40.549999,12,0,0,0,1,0,1,0,0,1,1,0,0,1,0,0,0,0,1,0,0,0,1,0,0
608,Gary Wegman,PA,31.290001,12,0,0,0,1,0,0,0,0,1,1,0,0,1,0,0,0,0,0,0,1,0,1,0,0
609,Laura Quick,PA,28.16,11,1,0,0,1,0,0,0,0,1,1,0,0,1,0,0,0,0,1,0,0,0,1,0,0
610,James Smith Jr.,SC,61.810001,9,3,0,1,0,0,1,0,0,1,0,0,1,1,0,0,0,0,1,0,0,0,1,0,0
611,Marguerite Willis,SC,27.549999,12,0,0,1,0,0,0,0,0,1,1,0,0,1,0,0,0,1,1,0,0,0,1,0,0
612,Phil Noble,SC,10.64,12,0,0,1,0,0,0,0,0,1,1,0,0,1,0,0,0,0,0,0,1,1,1,0,0
613,Joe Cunningham,SC,71.5,12,0,0,0,1,0,1,0,0,1,1,0,0,1,0,0,0,0,0,0,1,0,1,0,0
614,Toby Smith,SC,28.5,12,0,0,0,1,0,0,1,0,0,1,0,0,1,0,0,0,0,1,0,0,0,1,0,0
615,Annabelle Robertson,SC,41.810001,10,2,0,0,1,0,1,0,0,1,1,0,0,1,0,0,0,0,1,0,0,0,1,0,0
616,Phil Black,SC,18.370001000000002,12,0,0,0,1,0,0,0,0,1,1,0,0,1,0,0,0,0,1,0,0,0,1,0,0
617,Sean Carrigan,SC,39.82,12,0,0,0,1,0,1,0,0,1,0,0,1,1,0,0,0,0,1,0,0,0,1,0,0
618,Hosea Cleveland,SC,30.27,12,0,0,0,1,0,0,1,0,0,0,0,1,1,0,0,0,0,0,0,1,0,1,0,0
619,Mary Geren,SC,69.730003,11,1,0,0,1,0,1,0,0,1,1,0,0,1,0,0,0,0,1,0,0,0,1,0,0
620,Brandon Brown,SC,28.469998999999998,12,0,0,0,1,0,1,1,0,0,1,0,0,1,0,0,0,0,1,0,0,0,1,0,0
621,Doris Lee Turner,SC,29.459999,10,2,0,0,1,0,1,0,0,1,1,0,0,1,0,0,0,0,1,0,0,0,1,0,0
622,Eric Graben,SC,25.719998999999998,12,0,0,0,1,0,0,0,0,1,1,0,0,1,0,0,0,0,1,0,0,0,1,0,0
623,J.T. Davis,SC,7.219999799999999,12,0,0,0,1,0,0,0,0,1,1,0,0,1,0,0,0,0,0,0,1,0,1,0,0
624,Will Morin III,SC,9.130000099999998,12,0,0,0,1,0,0,0,0,1,1,0,0,1,0,0,0,0,1,0,0,0,1,0,0
625,Archie Parnell,SC,59.959998999999996,11,1,0,0,1,0,1,0,0,1,1,0,0,1,0,0,0,0,1,0,0,0,0,1,0
626,Mark Ali,SC,13.41,11,0,1,0,1,0,0,1,0,0,1,0,0,1,0,0,0,0,1,0,0,0,1,0,0
627,Sidney Moore,SC,17.17,12,0,0,0,1,0,0,1,0,0,1,0,0,1,0,0,0,0,1,0,0,0,1,0,0
628,Steve Lough,SC,9.46,12,0,0,0,1,0,0,0,0,1,1,0,0,1,0,0,0,0,1,0,0,0,1,0,0
629,Bill Hopkins,SC,17.780001000000002,10,1,1,0,1,0,0,0,0,1,1,0,0,1,0,0,0,0,1,0,0,0,1,0,0
630,Bruce Fischer,SC,11.22,10,0,2,0,1,0,0,0,0,1,0,0,1,1,0,0,0,0,0,0,1,0,1,0,0
631,Mal Hyman,SC,29.700001,10,2,0,0,1,0,1,0,0,1,1,0,0,1,0,0,0,0,1,0,0,0,1,0,0
632,Robert Williams,SC,41.299999,10,0,2,0,1,0,1,1,0,0,0,0,1,1,0,0,1,0,1,0,0,0,1,0,0
633,Billie Sutton,SD,100.0,12,0,0,1,0,0,1,0,0,1,1,0,0,1,0,0,0,0,1,0,0,0,1,0,0
634,Timothy Bjorkman,SD,100.0,12,0,0,0,1,0,1,0,0,1,1,0,0,1,0,0,1,0,1,0,0,0,1,0,0
635,Craig Fitzhugh,TN,19.42,10,2,0,1,0,0,0,0,0,1,0,0,1,1,0,0,1,1,1,0,0,0,1,0,0
636,Karl Dean,TN,75.139999,10,0,2,1,0,0,1,0,0,1,1,0,0,1,0,0,1,1,1,0,0,0,1,0,0
637,Mezianne Vale Payne,TN,5.4400001,10,0,2,1,0,0,0,0,0,1,1,0,0,1,0,0,0,0,1,0,0,0,1,0,0
638,Martin Olsen,TN,100.0,12,0,0,0,1,0,1,0,0,1,1,0,0,1,0,0,0,0,0,0,1,0,1,0,0
639,Joseph Schenkenfelder,TN,4.5100002,9,0,3,0,1,0,0,0,1,0,0,1,0,0,1,0,0,0,0,1,0,0,1,0,0
640,Joshua Williams,TN,23.08,9,1,2,0,1,0,0,0,0,1,1,0,0,1,0,0,0,0,0,0,1,0,1,0,0
641,Renee Hoyos,TN,72.410004,9,3,0,0,1,0,1,0,0,1,1,0,0,1,0,0,0,0,1,0,0,0,1,0,0
642,Danielle Mitchell,TN,100.0,11,1,0,0,1,0,1,0,0,1,1,0,0,1,0,0,0,0,0,0,1,0,1,0,0
643,Christopher Hale,TN,34.720001,11,0,1,0,1,0,0,0,0,1,1,0,0,1,0,0,0,0,1,0,0,1,1,0,0
644,Mariah Phillips,TN,47.509997999999996,11,1,0,0,1,0,1,0,0,1,1,0,0,1,0,0,0,0,1,0,0,0,1,0,0
645,Steven Reynolds,TN,17.77,11,0,1,0,1,0,0,0,0,1,1,0,0,1,0,0,0,0,1,0,0,0,1,0,0
646,Christopher Finley,TN,15.06,10,0,2,0,1,0,0,0,1,0,0,1,0,0,1,0,0,0,0,1,0,0,1,0,0
647,Dawn Barlow,TN,54.509997999999996,10,1,1,0,1,0,1,0,0,1,1,0,0,1,0,0,0,0,0,0,1,0,1,0,0
648,Merrilee Wineinger,TN,22.059998999999998,10,1,1,0,1,0,0,0,0,1,1,0,0,1,0,0,0,0,1,0,0,0,1,0,0
649,Peter Heffernan,TN,8.369999900000002,10,0,2,0,1,0,0,0,1,0,0,1,0,0,1,0,0,0,0,1,0,0,1,0,0
650,Justin Kanew,TN,62.110001000000004,10,2,0,0,1,0,1,0,0,1,1,0,0,1,0,0,0,0,1,0,0,0,1,0,0
651,Matt Reel,TN,37.889998999999996,10,0,2,0,1,0,0,0,0,1,0,0,1,1,0,0,0,0,1,0,0,0,1,0,0
652,Erika Stotts Pearson,TN,50.419998,11,0,1,0,1,0,1,1,0,0,1,0,0,1,0,0,0,0,1,0,0,0,1,0,0
653,John Boatner Jr.,TN,49.580002,11,1,0,0,1,0,0,0,0,1,1,0,0,1,0,0,0,0,1,0,0,0,1,0,0
654,Gary Davis,TN,5.2800002,11,0,1,0,0,1,0,0,1,0,0,1,0,0,1,0,0,0,0,1,0,0,1,0,0
655,John Wolfe,TN,3.21,11,0,1,0,0,1,0,0,0,1,1,0,0,1,0,0,0,0,1,0,0,0,1,0,0
656,Phil Bredesen,TN,91.510002,11,1,0,0,0,1,1,0,0,1,1,0,0,1,0,0,1,1,1,0,0,0,1,0,0
657,Adrian Ocegueda,TX,4.4000001,12,0,0,1,0,0,0,1,0,0,1,0,0,1,0,0,0,0,1,0,0,0,1,0,0
658,Andrew White,TX,27.4,11,1,0,1,0,0,1,0,0,1,1,0,0,1,0,0,0,1,1,0,0,0,1,0,0
659,Cedric Davis,TX,8.2399998,12,0,0,1,0,0,0,1,0,0,1,0,0,1,0,0,1,0,1,0,0,0,1,0,0
660,Grady Yarbrough,TX,5.369999900000001,12,0,0,1,0,0,0,1,0,0,1,0,0,1,0,0,0,0,1,0,0,0,1,0,0
661,James Clark,TX,2.1500001,12,0,0,1,0,0,0,0,0,1,1,0,0,1,0,0,0,0,1,0,0,0,1,0,0
662,Jeffrey Payne,TX,4.75,12,0,0,1,0,0,0,0,0,1,1,0,0,0,0,1,0,0,1,0,0,0,1,0,0
663,Joe Mumbach,TX,1.36,12,0,0,1,0,0,0,0,0,1,1,0,0,1,0,0,0,0,1,0,0,0,1,0,0
664,Lupe Valdez,TX,42.91,11,0,1,1,0,0,1,1,0,0,0,0,1,0,0,1,1,0,1,0,0,0,1,0,0
665,Thomas Wakely,TX,3.4100001000000004,12,0,0,1,0,0,0,0,0,1,0,0,1,1,0,0,0,0,1,0,0,0,1,0,0
666,Brent Beal,TX,38.959998999999996,11,1,0,0,1,0,0,0,0,1,1,0,0,1,0,0,0,0,1,0,0,0,1,0,0
667,Shirley McKellar,TX,61.040001000000004,11,0,1,0,1,0,1,1,0,0,0,0,1,1,0,0,0,0,1,0,0,0,1,0,0
668,Kevin Nelson,TX,4.1199999,12,0,0,0,1,0,0,0,0,1,1,0,0,1,0,0,0,0,1,0,0,0,1,0,0
669,Madeline Eden,TX,14.27,12,0,0,0,1,0,0,0,0,1,1,0,0,0,0,1,0,0,0,0,1,0,1,0,0
670,Matt Harris,TX,7.320000200000001,12,0,0,0,1,0,0,0,0,1,1,0,0,1,0,0,0,0,0,0,1,0,1,0,0
671,Mike Siegel,TX,40.0,10,2,0,0,1,0,1,0,0,1,1,0,0,1,0,0,0,0,1,0,0,0,1,0,0
672,Tami Walker,TX,15.56,12,0,0,0,1,0,0,0,0,1,1,0,0,1,0,0,0,0,1,0,0,0,1,0,0
673,Tawana Cadien,TX,17.959999,11,1,0,0,1,0,1,1,0,0,1,0,0,1,0,0,0,0,1,0,0,0,1,0,0
674,Eric Pfalzgraf,TX,17.09,12,0,0,0,1,0,0,0,0,1,1,0,0,1,0,0,0,0,1,0,0,0,1,0,0
675,Jennie Lou Leeder,TX,82.910004,12,0,0,0,1,0,1,0,0,1,1,0,0,1,0,0,0,0,1,0,0,0,1,0,0
676,Vanessa Adia,TX,100.0,11,1,0,0,1,0,1,1,0,0,1,0,0,1,0,0,0,0,1,0,0,0,1,0,0
677,Greg Sagan,TX,100.0,12,0,0,0,1,0,1,0,0,1,0,0,1,1,0,0,0,0,1,0,0,0,1,0,0
678,Adrienne Bell,TX,79.83000200000001,10,2,0,0,1,0,1,1,0,0,1,0,0,1,0,0,0,0,1,0,0,1,1,0,0
679,Levy Barnes Jr.,TX,20.17,10,0,2,0,1,0,0,1,0,0,1,0,0,1,0,0,0,0,1,0,0,0,1,0,0
680,Dori Fenenbock,TX,21.969998999999998,9,0,3,0,1,0,0,0,0,1,1,0,0,1,0,0,0,1,1,0,0,0,1,0,0
681,Enrique Garcia,TX,5.329999900000001,9,0,3,0,1,0,0,1,0,0,1,0,0,1,0,0,0,0,1,0,0,0,1,0,0
682,Jerome Tilghman,TX,2.97,9,0,3,0,1,0,0,1,0,0,0,0,1,1,0,0,0,0,1,0,0,0,1,0,0
683,John Carrillo,TX,1.55,9,0,3,0,1,0,0,1,0,0,1,0,0,1,0,0,0,0,1,0,0,0,1,0,0
684,Norma Chavez,TX,6.6599998,9,0,3,0,1,0,0,1,0,0,1,0,0,1,0,0,1,0,1,0,0,0,1,0,0
685,Veronica Escobar,TX,61.529999,9,3,0,0,1,0,1,1,0,0,1,0,0,1,0,0,1,0,1,0,0,0,1,0,0
686,Dale Mantey,TX,36.599998,11,1,0,0,1,0,0,0,0,1,1,0,0,1,0,0,0,0,0,0,1,0,1,0,0
687,Rick Kennedy,TX,63.400002,11,0,1,0,1,0,1,0,0,1,1,0,0,1,0,0,0,0,1,0,0,0,1,0,0
688,Miguel Levario,TX,100.0,12,0,0,0,1,0,1,1,0,0,1,0,0,1,0,0,0,0,1,0,0,0,1,0,0
689,Ali Khorasani,TX,7.5,10,1,1,0,1,0,0,1,0,0,1,0,0,0,0,1,0,0,0,0,1,0,1,0,0
690,H. P. Parvizian,TX,7.9099998,10,0,2,0,1,0,0,1,0,0,1,0,0,1,0,0,0,0,1,0,0,0,1,0,0
691,Jimmy Darnell Jones,TX,22.08,10,1,1,0,1,0,0,1,0,0,0,0,1,1,0,0,0,0,1,0,0,0,1,0,0
692,Silky Malik,TX,9.6999998,10,0,2,0,1,0,0,1,0,0,1,0,0,1,0,0,0,0,1,0,0,0,1,0,0
693,Todd Litton,TX,52.810001,10,0,2,0,1,0,1,0,0,1,1,0,0,1,0,0,0,0,1,0,0,0,1,0,0
694,Derrick Crowe,TX,23.049999,9,2,1,0,1,0,0,0,0,1,1,0,0,1,0,0,0,0,1,0,0,0,1,0,0
695,Elliott McFadden,TX,17.02,9,0,3,0,1,0,0,0,0,1,1,0,0,1,0,0,0,0,1,0,0,0,1,0,0
696,Joseph Kopser,TX,29.030001000000002,8,2,2,0,1,0,1,0,0,1,0,0,1,1,0,0,0,0,0,0,1,0,1,0,0
697,Mary Wilson,TX,30.9,8,2,2,0,1,0,1,0,0,1,1,0,0,0,0,1,0,0,0,0,1,0,1,0,0
698,Letitia Plummer,TX,24.290001,9,1,2,0,1,0,1,1,0,0,1,0,0,1,0,0,0,0,0,0,1,0,1,0,0
699,Margarita Ruiz Johnson,TX,12.64,10,0,2,0,1,0,0,1,0,0,0,0,1,1,0,0,0,0,1,0,0,0,1,0,0
700,Mark Gibson,TX,10.24,10,0,2,0,1,0,0,1,0,0,0,0,1,1,0,0,0,0,1,0,0,0,1,0,0
701,Sri Preston Kulkarni,TX,31.85,9,1,2,0,1,0,1,1,0,0,1,0,0,1,0,0,0,0,1,0,0,0,1,0,0
702,Steve Brown,TX,20.98,10,1,1,0,1,0,0,1,0,0,1,0,0,1,0,0,0,0,1,0,0,0,1,0,0
703,Angela Villescaz,TX,9.090000199999999,8,0,4,0,1,0,0,1,0,0,1,0,0,1,0,0,0,0,1,0,0,0,1,0,0
704,Gina Ortiz Jones,TX,41.560001,7,3,2,0,1,0,1,1,0,0,0,0,1,0,0,1,0,0,1,0,0,0,0,0,1
705,Jay Hulings,TX,14.98,8,0,4,0,1,0,0,1,0,0,1,0,0,1,0,0,0,0,1,0,0,1,1,0,0
706,Judy Canales,TX,16.99,8,0,4,0,1,0,0,1,0,0,1,0,0,1,0,0,0,0,1,0,0,1,1,0,0
707,Rick Trevio,TX,17.379998999999998,8,2,2,0,1,0,1,1,0,0,1,0,0,1,0,0,0,0,1,0,0,0,0,1,0
708,Jan McDowell,TX,52.470001,11,1,0,0,1,0,1,0,0,1,1,0,0,1,0,0,0,0,1,0,0,0,1,0,0
709,John Biggan,TX,21.52,12,0,0,0,1,0,0,0,0,1,1,0,0,1,0,0,0,0,0,0,1,0,1,0,0
710,Josh Imhoff,TX,6.02,12,0,0,0,1,0,0,0,0,1,1,0,0,1,0,0,0,0,1,0,0,0,1,0,0
711,Todd Allen,TX,20.0,12,0,0,0,1,0,0,0,0,1,1,0,0,1,0,0,0,0,1,0,0,0,1,0,0
712,Chetan Panda,TX,9.04,10,0,2,0,1,0,0,1,0,0,1,0,0,1,0,0,0,0,1,0,0,0,1,0,0
713,Chris Perri,TX,32.790001000000004,9,3,0,0,1,0,1,0,0,1,1,0,0,1,0,0,0,0,1,0,0,0,1,0,0
714,Julie Oliver,TX,26.440001000000002,9,1,2,0,1,0,1,0,0,1,1,0,0,1,0,0,0,0,1,0,0,0,1,0,0
715,Kathi Thomas,TX,21.16,10,0,2,0,1,0,0,0,0,1,1,0,0,1,0,0,0,0,1,0,0,0,1,0,0
716,West Hansen,TX,10.57,10,0,2,0,1,0,0,0,0,1,1,0,0,1,0,0,0,0,1,0,0,0,1,0,0
717,Linsey Fagan,TX,52.66,10,2,0,0,1,0,1,0,0,1,1,0,0,1,0,0,0,0,1,0,0,0,1,0,0
718,Will Fisher,TX,47.34,10,0,2,0,1,0,0,0,0,1,1,0,0,1,0,0,0,0,1,0,0,0,1,0,0
719,Eric Holguin,TX,23.299999,11,1,0,0,1,0,1,1,0,0,1,0,0,0,0,1,0,0,1,0,0,0,1,0,0
720,Raul (Roy) Barrera,TX,41.23,11,0,1,0,1,0,1,1,0,0,1,0,0,1,0,0,0,0,1,0,0,0,1,0,0
721,Ronnie McDonald,TX,16.389999,12,0,0,0,1,0,0,1,0,0,1,0,0,1,0,0,0,0,1,0,0,0,1,0,0
722,Vanessa Edwards Foster,TX,19.08,12,0,0,0,1,0,0,0,0,1,1,0,0,0,0,1,0,0,1,0,0,0,1,0,0
723,Augustine Reyes,TX,2.8299999,10,0,2,0,1,0,0,1,0,0,0,0,1,1,0,0,0,0,1,0,0,0,1,0,0
724,Dominique Garcia,TX,2.5799999,9,0,3,0,1,0,0,1,0,0,1,0,0,1,0,0,0,0,1,0,0,0,1,0,0
725,Hector Morales,TX,3.04,9,2,1,0,1,0,0,1,0,0,1,0,0,1,0,0,0,0,1,0,0,0,1,0,0
726,Pedro Valencia,TX,1.04,10,0,2,0,1,0,0,1,0,0,1,0,0,1,0,0,0,0,1,0,0,0,1,0,0
727,Roel Garcia,TX,6.5900002,10,0,2,0,1,0,0,1,0,0,1,0,0,1,0,0,0,0,1,0,0,0,1,0,0
728,Sylvia Garcia,TX,63.259997999999996,10,1,1,0,1,0,1,1,0,0,1,0,0,1,0,0,1,0,1,0,0,0,1,0,0
729,Tahir Javed,TX,20.67,10,0,2,0,1,0,0,1,0,0,1,0,0,1,0,0,0,1,1,0,0,0,1,0,0
730,Adam Bell,TX,17.959999,10,1,1,0,1,0,0,0,0,1,1,0,0,1,0,0,0,0,1,0,0,0,1,0,0
731,Lorie Burch,TX,49.610001000000004,10,1,1,0,1,0,1,0,0,1,1,0,0,0,0,1,0,0,1,0,0,0,1,0,0
732,Medrick Yhap,TX,3.76,10,0,2,0,1,0,0,1,0,0,1,0,0,1,0,0,0,0,1,0,0,0,1,0,0
733,Sam Johnson,TX,28.68,10,1,1,0,1,0,1,0,0,1,1,0,0,1,0,0,0,0,1,0,0,0,1,0,0
734,Christine Mann,TX,33.509997999999996,10,2,0,0,1,0,1,0,0,1,1,0,0,1,0,0,0,0,0,0,1,0,1,0,0
735,Kent Lester,TX,10.32,10,0,2,0,1,0,0,0,0,1,0,0,1,1,0,0,0,0,1,0,0,0,1,0,0
736,M.J. Hegar,TX,44.93,10,0,2,0,1,0,1,0,0,1,0,0,1,1,0,0,0,0,1,0,0,0,1,0,0
737,Mike Clark,TX,11.23,10,0,2,0,1,0,0,0,0,1,1,0,0,1,0,0,0,0,0,0,1,0,1,0,0
738,Brett Shipp,TX,16.34,10,0,2,0,1,0,0,0,0,1,1,0,0,1,0,0,0,0,1,0,0,0,0,1,0
739,Colin Allred,TX,38.43,10,1,1,0,1,0,1,1,0,0,1,0,0,1,0,0,0,0,1,0,0,1,0,0,1
740,Ed Meier,TX,13.7,10,1,1,0,1,0,0,0,0,1,1,0,0,1,0,0,0,0,1,0,0,1,0,1,0
741,George Rodriguez,TX,7.5900002,10,0,2,0,1,0,0,1,0,0,1,0,0,1,0,0,0,0,1,0,0,0,0,1,0
742,Lillian Salerno,TX,18.35,10,1,1,0,1,0,1,0,0,1,1,0,0,1,0,0,0,0,1,0,0,1,0,1,0
743,Ron Marshall,TX,3.24,10,0,2,0,1,0,0,0,0,1,0,0,1,1,0,0,0,0,0,0,1,0,0,1,0
744,Todd Maternowski,TX,2.3599999,10,0,2,0,1,0,0,0,0,1,1,0,0,1,0,0,0,0,1,0,0,0,0,1,0
745,Dayna Steele,TX,72.0,10,2,0,0,1,0,1,0,0,1,1,0,0,1,0,0,0,0,1,0,0,0,1,0,0
746,Jon Powell,TX,28.0,10,0,2,0,1,0,0,0,0,1,1,0,0,1,0,0,1,0,0,0,1,0,1,0,0
747,Catherine Krantz,TX,68.620003,12,0,0,0,1,0,1,0,0,1,1,0,0,1,0,0,0,0,1,0,0,0,1,0,0
748,Lander Bethel,TX,31.379998999999998,12,0,0,0,1,0,0,0,0,1,1,0,0,1,0,0,0,0,1,0,0,0,1,0,0
749,Dan Wood,TX,100.0,12,0,0,0,1,0,1,0,0,1,1,0,0,1,0,0,1,0,1,0,0,0,1,0,0
750,Jana Lynne Sanchez,TX,36.900002,11,0,1,0,1,0,1,1,0,0,1,0,0,1,0,0,0,0,1,0,0,0,1,0,0
751,John Duncan,TX,13.52,11,0,1,0,1,0,0,0,0,1,1,0,0,0,0,1,0,0,1,0,0,0,1,0,0
752,Justin Snider,TX,6.849999900000001,11,1,0,0,1,0,0,0,0,1,1,0,0,1,0,0,0,0,1,0,0,0,1,0,0
753,Levii Shocklee,TX,5.7800002,11,0,1,0,1,0,0,0,0,1,0,0,1,1,0,0,0,0,1,0,0,0,1,0,0
754,Ruby Faye Woolridge,TX,36.950001,11,0,1,0,1,0,1,1,0,0,1,0,0,1,0,0,0,0,1,0,0,0,1,0,0
755,Alex Triantaphyllis,TX,15.73,8,0,4,0,1,0,0,0,0,1,1,0,0,1,0,0,0,0,1,0,0,0,1,0,0
756,Ivan Sanchez,TX,5.6900001,8,0,4,0,1,0,0,1,0,0,1,0,0,1,0,0,0,0,1,0,0,0,1,0,0
757,James Cargas,TX,1.96,8,0,4,0,1,0,0,0,0,1,1,0,0,1,0,0,0,0,1,0,0,0,1,0,0
758,Jason Westin,TX,19.16,8,0,4,0,1,0,0,0,0,1,1,0,0,1,0,0,0,0,0,0,1,0,1,0,0
759,Joshua Butler,TX,3.77,8,0,4,0,1,0,0,1,0,0,1,0,0,1,0,0,0,0,1,0,0,0,1,0,0
760,Laura Moser,TX,24.34,8,3,1,0,1,0,1,0,0,1,1,0,0,1,0,0,0,0,1,0,0,0,0,1,0
761,Lizzie Pannill Fletcher,TX,29.360001,8,1,3,0,1,0,1,0,0,1,1,0,0,1,0,0,0,0,1,0,0,0,1,0,0
762,Steven David,TX,100.0,12,0,0,0,1,0,1,0,0,1,1,0,0,1,0,0,0,0,1,0,0,0,1,0,0
763,Beto O'Rourke,TX,61.810001,11,1,0,0,0,1,1,0,0,1,1,0,0,1,0,0,1,0,1,0,0,0,1,0,0
764,Edward Kimbrough,TX,14.47,11,0,1,0,0,1,0,1,0,0,1,0,0,1,0,0,0,0,0,0,1,0,1,0,0
765,Sema Hernandez,TX,23.719998999999998,11,0,1,0,0,1,0,1,0,0,1,0,0,1,0,0,0,0,1,0,0,0,1,0,0
766,Kurt Weiland,UT,43.150002,12,0,0,0,1,0,0,0,0,1,0,0,1,1,0,0,0,0,1,0,0,0,1,0,0
767,Lee Castillo,UT,56.849998,12,0,0,0,1,0,1,1,0,0,1,0,0,0,0,1,0,0,1,0,0,0,1,0,0
768,Shireen Ghorbani,UT,100.0,12,0,0,0,1,0,1,1,0,0,1,0,0,1,0,0,0,0,1,0,0,0,1,0,0
769,James Singer,UT,100.0,12,0,0,0,1,0,1,1,0,0,1,0,0,1,0,0,0,0,1,0,0,0,1,0,0
770,Ben McAdams,UT,100.0,12,0,0,0,1,0,1,0,0,1,1,0,0,1,0,0,1,0,1,0,0,0,0,0,1
771,Jenny Wilson,UT,100.0,12,0,0,0,0,1,1,0,0,1,1,0,0,1,0,0,1,0,1,0,0,0,1,0,0
772,Edwin Santana,VA,32.900002,10,1,1,0,1,0,0,1,0,0,0,0,1,1,0,0,0,0,1,0,0,0,1,0,0
773,John Suddarth,VA,27.129998999999998,10,1,1,0,1,0,0,0,0,1,0,0,1,1,0,0,0,0,0,0,1,0,1,0,0
774,Vangie Williams,VA,39.970001,10,1,1,0,1,0,1,1,0,0,1,0,0,1,0,0,0,0,1,0,0,0,1,0,0
775,Alison Kiehl Friedman,VA,22.959999,9,1,2,0,1,0,0,0,0,1,1,0,0,1,0,0,0,1,1,0,0,1,1,0,0
776,Dan Helmer,VA,12.55,9,2,1,0,1,0,0,0,0,1,0,0,1,1,0,0,0,0,1,0,0,0,1,0,0
777,Jennifer Wexton,VA,41.889998999999996,9,1,2,0,1,0,1,0,0,1,1,0,0,1,0,0,1,0,1,0,0,0,1,0,0
778,Julia Biggins,VA,2.8299999,9,2,1,0,1,0,0,0,0,1,1,0,0,1,0,0,0,0,0,0,1,0,1,0,0
779,Lindsey Davis Stover,VA,16.02,9,1,2,0,1,0,0,0,0,1,1,0,0,1,0,0,0,0,1,0,0,1,1,0,0
780,Paul Pelletier,VA,3.76,9,1,2,0,1,0,0,0,0,1,1,0,0,1,0,0,0,0,1,0,0,0,1,0,0
781,Elaine Luria,VA,62.330002,8,3,1,0,1,0,1,0,0,1,0,0,1,1,0,0,0,0,0,0,1,0,0,0,1
782,Karen Mallard,VA,37.669998,8,2,2,0,1,0,0,0,0,1,1,0,0,1,0,0,0,0,1,0,0,0,0,1,0
783,Leslie Cockburn,VA,100.0,11,1,0,0,1,0,1,0,0,1,1,0,0,1,0,0,0,0,1,0,0,0,1,0,0
784,Charlotte Moore,VA,18.450001,10,0,2,0,1,0,0,0,0,1,1,0,0,1,0,0,1,0,1,0,0,0,1,0,0
785,Jennifer Lewis,VA,47.669998,10,2,0,0,1,0,1,0,0,1,1,0,0,1,0,0,0,0,1,0,0,0,1,0,0
786,Peter Volosin,VA,27.190001000000002,10,0,2,0,1,0,0,0,0,1,1,0,0,0,0,1,0,0,0,0,1,0,1,0,0
787,Sergio Coppola,VA,6.679999799999999,10,0,2,0,1,0,0,0,0,1,1,0,0,1,0,0,0,0,0,0,1,0,1,0,0
788,Abigail Spanberger,VA,72.68,9,2,1,0,1,0,1,0,0,1,1,0,0,1,0,0,0,0,1,0,0,0,1,0,0
789,Dan Ward,VA,27.32,9,2,1,0,1,0,0,0,0,1,0,0,1,1,0,0,0,0,1,0,0,0,1,0,0
790,Anthony Flaccavento,VA,78.639999,11,1,0,0,1,0,1,0,0,1,1,0,0,1,0,0,0,0,1,0,0,0,1,0,0
791,Justin Santopietro,VA,21.360001,11,0,1,0,1,0,0,0,0,1,1,0,0,1,0,0,0,0,1,0,0,0,1,0,0
792,Carolyn Long,WA,,7,3,2,0,1,0,1,0,0,1,1,0,0,1,0,0,0,0,1,0,0,0,1,0,0
793,David McDevitt,WA,,7,0,5,0,1,0,0,0,0,1,0,0,1,1,0,0,0,1,1,0,0,0,1,0,0
794,Dorothy Gasque,WA,,7,2,3,0,1,0,0,0,0,1,0,0,1,1,0,0,0,0,0,0,1,0,1,0,0
795,Martin Hash,WA,,7,0,5,0,1,0,0,0,0,1,1,0,0,1,0,0,0,0,0,0,1,0,1,0,0
796,Christine Brown,WA,,12,0,0,0,1,0,1,0,0,1,1,0,0,1,0,0,0,0,0,0,1,0,1,0,0
797,Lisa Brown,WA,,9,3,0,0,1,0,1,0,0,1,1,0,0,1,0,0,1,0,1,0,0,0,0,0,1
798,Jason Rittereiser,WA,,8,3,1,0,1,0,0,0,0,1,1,0,0,1,0,0,0,0,1,0,0,0,1,0,0
799,Kim Schrier,WA,,8,2,2,0,1,0,1,0,0,1,1,0,0,1,0,0,0,0,0,0,1,0,1,0,0
800,Shannon Hader,WA,,8,1,3,0,1,0,0,0,0,1,1,0,0,1,0,0,0,1,0,0,1,0,1,0,0
801,Thomas Cramer,WA,,8,0,4,0,1,0,0,0,0,1,1,0,0,1,0,0,0,0,1,0,0,0,1,0,0
802,Kendra Fershee,WV,47.240002000000004,12,0,0,0,1,0,1,0,0,1,1,0,0,1,0,0,0,0,1,0,0,0,1,0,0
803,Ralph Baxter,WV,38.119999,12,0,0,0,1,0,0,0,0,1,1,0,0,1,0,0,0,0,1,0,0,0,1,0,0
804,Tom Payne,WV,14.64,12,0,0,0,1,0,0,0,0,1,0,0,1,1,0,0,0,0,0,0,1,0,1,0,0
805,Aaron Scheinberg,WV,37.43,11,1,0,0,1,0,0,0,0,1,0,0,1,1,0,0,0,0,1,0,0,0,1,0,0
806,Talley Sergent,WV,62.57,11,0,1,0,1,0,1,0,0,1,1,0,0,1,0,0,0,0,1,0,0,1,1,0,0
807,Janice Hagerman,WV,7.2399998,10,0,2,0,1,0,0,0,0,1,1,0,0,1,0,0,0,0,1,0,0,0,1,0,0
808,Paul Davis,WV,15.96,10,0,2,0,1,0,0,0,0,1,1,0,0,1,0,0,0,0,1,0,0,0,1,0,0
809,Richard Ojeda,WV,52.16,10,2,0,0,1,0,1,1,0,0,0,0,1,1,0,0,1,0,1,0,0,0,1,0,0
810,Shirley Love,WV,24.639999,10,0,2,0,1,0,0,0,0,1,1,0,0,1,0,0,0,0,1,0,0,0,1,0,0
